2016-03-30 ?ㅼ쟾 9:41:28 ==> 10.61,,0.00
2016-03-30 오전 9:41:30 ==> 10.61,,-1.00
2016-03-30 오전 9:41:32 ==> 10.61,,0.00
2016-03-30 오전 9:41:33 ==> 10.61,,-1.00
2016-03-30 오전 9:41:34 ==> 10.61,,0.00
2016-03-30 오전 9:41:36 ==> 10.61,,-1.00
2016-03-30 오전 9:41:38 ==> 10.61,,1.00
2016-03-30 오전 9:41:39 ==> 10.61,,0.00
2016-03-30 오전 9:41:40 ==> 10.61,,0.00
2016-03-30 오전 9:41:42 ==> 10.61,,0.00
2016-03-30 오전 9:41:43 ==> 10.61,,0.00
2016-03-30 오전 9:41:44 ==> 10.61,,0.00
2016-03-30 오전 9:41:45 ==> 10.61,,0.00
2016-03-30 오전 9:41:46 ==> 10.61,,0.00
2016-03-30 오전 9:41:48 ==> 10.61,,0.00
2016-03-30 오전 9:41:49 ==> 10.61,,0.00
2016-03-30 오전 9:41:50 ==> 10.61,,0.00
2016-03-30 오전 9:41:51 ==> 10.61,,0.00
2016-03-30 오전 9:41:52 ==> 10.61,,0.00
2016-03-30 오전 9:41:53 ==> 10.61,,0.00
2016-03-30 오전 9:41:55 ==> 10.61,,0.00
2016-03-30 오전 9:41:56 ==> 10.61,,0.00
2016-03-30 오전 9:41:57 ==> 10.61,,0.00
2016-03-30 오전 9:41:59 ==> 10.61,,0.00
2016-03-30 오전 9:42:00 ==> 10.61,,0.00
2016-03-30 오전 9:42:01 ==> 10.61,,0.00
2016-03-30 오전 9:42:03 ==> 10.61,,0.00
2016-03-30 오전 9:42:04 ==> 10.61,,0.00
2016-03-30 오전 9:42:05 ==> 10.61,,0.00
2016-03-30 오전 9:42:06 ==> 10.61,,0.00
2016-03-30 오전 9:42:07 ==> 10.61,,0.00
2016-03-30 오전 9:42:09 ==> 10.61,,0.00
2016-03-30 오전 9:42:10 ==> 10.61,,0.00
2016-03-30 오전 9:42:11 ==> 10.61,,0.00
2016-03-30 오전 9:42:16 ==> 10.61,,0.00
2016-03-30 오전 9:42:17 ==> 10.61,,0.00
2016-03-30 오전 9:42:18 ==> 10.61,,0.00
2016-03-30 오전 9:42:19 ==> 10.61,,0.00
2016-03-30 오전 9:42:20 ==> 10.61,,0.00
2016-03-30 오전 9:42:22 ==> 10.61,,0.00
2016-03-30 오전 9:42:24 ==> 10.61,,0.00
2016-03-30 오전 9:42:25 ==> 10.61,,0.00
2016-03-30 오전 9:42:26 ==> 10.61,,0.00
2016-03-30 오전 9:42:27 ==> 10.61,,0.00
2016-03-30 오전 9:42:28 ==> 10.61,,0.00
2016-03-30 오전 9:42:30 ==> 10.61,,0.00
2016-03-30 오전 9:42:31 ==> 10.61,,0.00
2016-03-30 오전 9:42:32 ==> 10.61,,0.00
2016-03-30 오전 9:42:33 ==> 10.61,,0.00
2016-03-30 오전 9:42:34 ==> 10.61,,0.00
2016-03-30 오전 9:42:36 ==> 10.61,,0.00
2016-03-30 오전 9:42:37 ==> 10.61,,0.00
2016-03-30 오전 9:42:38 ==> 10.61,,0.00
2016-03-30 오전 9:42:39 ==> 10.61,,0.00
2016-03-30 오전 9:42:40 ==> 10.61,,0.00
2016-03-30 오전 9:42:41 ==> 10.61,,0.00
2016-03-30 오전 9:42:42 ==> 10.61,,0.00
2016-03-30 오전 9:42:43 ==> 10.61,,0.00
2016-03-30 오전 9:42:44 ==> 10.61,,0.00
2016-03-30 오전 9:42:46 ==> 10.61,,0.00
2016-03-30 오전 9:42:47 ==> 10.61,,0.00
2016-03-30 오전 9:42:48 ==> 10.61,,0.00
2016-03-30 오전 9:42:49 ==> 10.61,,0.00
2016-03-30 오전 9:42:50 ==> 10.61,,0.00
2016-03-30 오전 9:42:52 ==> 10.61,,0.00
2016-03-30 오전 9:42:52 ==> 10.61,,0.00
2016-03-30 오전 9:42:54 ==> 10.61,,0.00
2016-03-30 오전 9:42:55 ==> 10.61,,0.00
2016-03-30 오전 9:42:56 ==> 10.61,,0.00
2016-03-30 오전 9:42:57 ==> 10.61,,0.00
2016-03-30 오전 9:42:58 ==> 10.61,,0.00
2016-03-30 오전 9:42:59 ==> 10.61,,0.00
2016-03-30 오전 9:43:00 ==> 10.61,,0.00
2016-03-30 오전 9:43:02 ==> 10.61,,0.00
2016-03-30 오전 9:43:03 ==> 10.61,,0.00
2016-03-30 오전 9:43:04 ==> 10.61,,0.00
2016-03-30 오전 9:43:06 ==> 10.61,,0.00
2016-03-30 오전 9:43:07 ==> 10.61,,0.00
2016-03-30 오전 9:43:08 ==> 10.61,,0.00
2016-03-30 오전 9:43:09 ==> 10.61,,0.00
2016-03-30 오전 9:43:11 ==> 10.61,,0.00
2016-03-30 오전 9:43:12 ==> 10.61,,0.00
2016-03-30 오전 9:43:13 ==> 10.61,,0.00
2016-03-30 오전 9:43:14 ==> 10.61,,0.00
2016-03-30 오전 9:43:15 ==> 10.61,,0.00
2016-03-30 오전 9:43:16 ==> 10.61,,0.00
2016-03-30 오전 9:43:17 ==> 10.61,,0.00
2016-03-30 오전 9:43:18 ==> 10.61,,0.00
2016-03-30 오전 9:43:19 ==> 10.61,,0.00
2016-03-30 오전 9:43:21 ==> 10.61,,0.00
2016-03-30 오전 9:43:22 ==> 10.61,,0.00
2016-03-30 오전 9:43:23 ==> 10.61,,0.00
2016-03-30 오전 9:43:24 ==> 10.61,,0.00
2016-03-30 오전 9:43:25 ==> 10.61,,0.00
2016-03-30 오전 9:43:26 ==> 10.61,,0.00
2016-03-30 오전 9:43:27 ==> 10.61,,0.00
2016-03-30 오전 9:43:28 ==> 10.61,,0.00
2016-03-30 오전 9:43:29 ==> 10.61,,0.00
2016-03-30 오전 9:43:30 ==> 10.61,,0.00
2016-03-30 오전 9:43:32 ==> 10.61,,0.00
2016-03-30 오전 9:43:33 ==> 10.61,,0.00
2016-03-30 오전 9:43:35 ==> 10.61,,0.00
2016-03-30 오전 9:43:36 ==> 10.61,,0.00
2016-03-30 오전 9:43:37 ==> 10.61,,0.00
2016-03-30 오전 9:43:38 ==> 10.61,,0.00
2016-03-30 오전 9:43:41 ==> 10.61,,0.00
2016-03-30 오전 9:43:42 ==> 10.61,,0.00
2016-03-30 오전 9:43:44 ==> 10.61,,0.00
2016-03-30 오전 9:43:45 ==> 10.61,,0.00
2016-03-30 오전 9:44:52 ==> 2.62,10.61,0.00
2016-03-30 오전 9:44:53 ==> 2.62,10.61,0.00
2016-03-30 오전 9:44:55 ==> 2.62,10.61,0.00
2016-03-30 오전 9:44:56 ==> 2.62,10.61,0.00
2016-03-30 오전 9:44:57 ==> 2.62,10.61,0.00
2016-03-30 오전 9:44:59 ==> 2.62,10.61,0.00
2016-03-30 오전 9:45:00 ==> 2.62,10.61,0.00
2016-03-30 오전 9:45:01 ==> 2.62,10.61,0.00
2016-03-30 오전 9:45:02 ==> 2.62,10.61,0.00
2016-03-30 오전 9:45:04 ==> 2.62,10.61,0.00
2016-03-30 오전 9:45:05 ==> 2.62,10.61,0.00
2016-03-30 오전 9:45:06 ==> 2.62,10.61,0.00
2016-03-30 오전 9:45:10 ==> 2.62,10.61,0.00
2016-03-30 오전 9:45:11 ==> 2.62,10.61,0.00
2016-03-30 오전 9:45:12 ==> 2.62,10.61,0.00
2016-03-30 오전 9:45:13 ==> 2.62,10.61,0.00
2016-03-30 오전 9:45:14 ==> 2.62,10.61,0.00
2016-03-30 오전 9:45:15 ==> 2.62,10.61,0.00
2016-03-30 오전 9:45:16 ==> 2.62,10.61,0.00
2016-03-30 오전 9:45:18 ==> 2.62,10.61,0.00
2016-03-30 오전 9:45:20 ==> 2.62,10.61,0.00
2016-03-30 오전 9:45:21 ==> 2.62,10.61,0.00
2016-03-30 오전 9:45:22 ==> 2.62,10.61,0.00
2016-03-30 오전 9:45:23 ==> 2.62,10.61,0.00
2016-03-30 오전 9:45:25 ==> 2.62,10.61,0.00
2016-03-30 오전 9:45:26 ==> 2.62,10.61,0.00
2016-03-30 오전 9:45:28 ==> 2.62,10.61,0.00
2016-03-30 오전 9:45:29 ==> 2.62,10.61,0.00
2016-03-30 오전 9:45:30 ==> 2.62,10.61,0.00
2016-03-30 오전 9:45:32 ==> 2.62,10.61,0.00
2016-03-30 오전 9:45:33 ==> 2.62,10.61,0.00
2016-03-30 오전 9:45:34 ==> 2.62,10.61,0.00
2016-03-30 오전 9:45:36 ==> 2.62,10.61,0.00
2016-03-30 오전 9:45:37 ==> 2.62,10.61,0.00
2016-03-30 오전 9:45:38 ==> 2.62,10.61,0.00
2016-03-30 오전 9:45:39 ==> 2.62,10.61,0.00
2016-03-30 오전 9:45:41 ==> 2.62,10.61,0.00
2016-03-30 오전 9:45:42 ==> 2.62,10.61,0.00
2016-03-30 오전 9:45:43 ==> 2.62,10.61,0.00
2016-03-30 오전 9:45:44 ==> 2.62,10.61,0.00
2016-03-30 오전 9:45:45 ==> 2.62,10.61,0.00
2016-03-30 오전 9:45:47 ==> 2.62,10.61,0.00
2016-03-30 오전 9:45:48 ==> 2.62,10.61,0.00
2016-03-30 오전 9:45:49 ==> 2.62,10.61,0.00
2016-03-30 오전 9:45:51 ==> 2.62,10.61,0.00
2016-03-30 오전 9:45:52 ==> 2.62,10.61,0.00
2016-03-30 오전 9:45:54 ==> 2.62,10.61,0.00
2016-03-30 오전 9:45:55 ==> 2.62,10.61,0.00
2016-03-30 오전 9:45:57 ==> 2.62,10.61,0.00
2016-03-30 오전 9:45:58 ==> 2.62,10.61,0.00
2016-03-30 오전 9:45:59 ==> 2.62,10.61,0.00
2016-03-30 오전 9:46:01 ==> 2.62,10.61,0.00
2016-03-30 오전 9:46:02 ==> 2.62,10.61,0.00
2016-03-30 오전 9:46:03 ==> 2.62,10.61,0.00
2016-03-30 오전 9:46:04 ==> 2.62,10.61,0.00
2016-03-30 오전 9:46:07 ==> 2.62,10.61,0.00
2016-03-30 오전 9:46:08 ==> 2.62,10.61,0.00
2016-03-30 오전 9:46:09 ==> 2.62,10.61,0.00
2016-03-30 오전 9:46:10 ==> 2.62,10.61,0.00
2016-03-30 오전 9:46:12 ==> 2.62,10.61,0.00
2016-03-30 오전 9:46:13 ==> 2.62,10.61,0.00
2016-03-30 오전 9:46:14 ==> 2.62,10.61,0.00
2016-03-30 오전 9:46:15 ==> 2.62,10.61,0.00
2016-03-30 오전 9:46:16 ==> 2.62,10.61,0.00
2016-03-30 오전 9:46:18 ==> 2.62,10.61,0.00
2016-03-30 오전 9:46:19 ==> 2.62,10.61,0.00
2016-03-30 오전 9:46:20 ==> 2.62,10.61,0.00
2016-03-30 오전 9:46:21 ==> 2.62,10.61,0.00
2016-03-30 오전 9:46:22 ==> 2.62,10.61,0.00
2016-03-30 오전 9:46:24 ==> 2.62,10.61,0.00
2016-03-30 오전 9:46:25 ==> 2.62,10.61,0.00
2016-03-30 오전 9:46:26 ==> 2.62,10.61,0.00
2016-03-30 오전 9:46:27 ==> 2.62,10.61,0.00
2016-03-30 오전 9:46:29 ==> 2.62,10.61,0.00
2016-03-30 오전 9:46:30 ==> 2.62,10.61,0.00
2016-03-30 오전 9:46:31 ==> 2.62,10.61,0.00
2016-03-30 오전 9:46:32 ==> 2.62,10.61,0.00
2016-03-30 오전 9:46:33 ==> 2.62,10.61,0.00
2016-03-30 오전 9:46:34 ==> 2.62,10.61,0.00
2016-03-30 오전 9:46:35 ==> 2.62,10.61,0.00
2016-03-30 오전 9:46:36 ==> 2.62,10.61,0.00
2016-03-30 오전 9:46:38 ==> 2.62,10.61,0.00
2016-03-30 오전 9:46:39 ==> 2.62,10.61,0.00
2016-03-30 오전 9:46:40 ==> 2.62,10.61,0.00
2016-03-30 오전 9:46:41 ==> 2.62,10.61,0.00
2016-03-30 오전 9:46:42 ==> 2.62,10.61,0.00
2016-03-30 오전 9:46:43 ==> 2.62,10.61,0.00
2016-03-30 오전 9:46:44 ==> 2.62,10.61,0.00
2016-03-30 오전 9:46:45 ==> 2.62,10.61,0.00
2016-03-30 오전 9:46:46 ==> 2.62,10.61,0.00
2016-03-30 오전 9:46:48 ==> 2.62,10.61,0.00
2016-03-30 오전 9:46:49 ==> 2.62,10.61,0.00
2016-03-30 오전 9:46:51 ==> 2.62,10.61,0.00
2016-03-30 오전 9:46:52 ==> 2.62,10.61,0.00
2016-03-30 오전 9:46:53 ==> 2.62,10.61,0.00
2016-03-30 오전 9:46:54 ==> 2.62,10.61,0.00
2016-03-30 오전 9:46:56 ==> 2.62,10.61,0.00
2016-03-30 오전 9:46:57 ==> 2.62,10.61,0.00
2016-03-30 오전 9:46:59 ==> 2.62,10.61,0.00
2016-03-30 오전 9:47:00 ==> 2.62,10.61,0.00
2016-03-30 오전 9:47:01 ==> 2.62,10.61,0.00
2016-03-30 오전 9:47:03 ==> 2.62,10.61,0.00
2016-03-30 오전 9:47:04 ==> 2.62,10.61,0.00
2016-03-30 오전 9:47:05 ==> 2.62,10.61,0.00
2016-03-30 오전 9:47:06 ==> 2.62,10.61,0.00
2016-03-30 오전 9:47:07 ==> 2.62,10.61,0.00
2016-03-30 오전 9:47:09 ==> 2.62,10.61,0.00
2016-03-30 오전 9:47:10 ==> 2.62,10.61,0.00
2016-03-30 오전 9:47:11 ==> 2.62,10.61,0.00
2016-03-30 오전 9:47:12 ==> 2.62,10.61,0.00
2016-03-30 오전 9:47:13 ==> 2.62,10.61,0.00
2016-03-30 오전 9:47:14 ==> 2.62,10.61,0.00
2016-03-30 오전 9:47:15 ==> 2.62,10.61,0.00
2016-03-30 오전 9:47:17 ==> 2.62,10.61,0.00
2016-03-30 오전 9:47:18 ==> 2.62,10.61,0.00
2016-03-30 오전 9:47:20 ==> 2.62,10.61,0.00
2016-03-30 오전 9:47:21 ==> 2.62,10.61,0.00
2016-03-30 오전 9:47:22 ==> 2.62,10.61,0.00
2016-03-30 오전 9:47:24 ==> 2.62,10.61,0.00
2016-03-30 오전 9:47:25 ==> 2.62,10.61,0.00
2016-03-30 오전 9:47:26 ==> 2.62,10.61,0.00
2016-03-30 오전 9:47:28 ==> 2.62,10.61,0.00
2016-03-30 오전 9:47:29 ==> 2.62,10.61,0.00
2016-03-30 오전 9:47:30 ==> 2.62,10.61,0.00
2016-03-30 오전 9:47:31 ==> 2.62,10.61,0.00
2016-03-30 오전 9:47:32 ==> 2.62,10.61,0.00
2016-03-30 오전 9:47:33 ==> 2.62,10.61,0.00
2016-03-30 오전 9:47:34 ==> 2.62,10.61,0.00
2016-03-30 오전 9:47:35 ==> 2.62,10.61,0.00
2016-03-30 오전 9:47:37 ==> 2.62,10.61,0.00
2016-03-30 오전 9:47:38 ==> 2.62,10.61,0.00
2016-03-30 오전 9:47:39 ==> 2.62,10.61,0.00
2016-03-30 오전 9:47:41 ==> 2.62,10.61,0.00
2016-03-30 오전 9:47:42 ==> 2.62,10.61,0.00
2016-03-30 오전 9:47:43 ==> 2.62,10.61,0.00
2016-03-30 오전 9:47:44 ==> 2.62,10.61,0.00
2016-03-30 오전 9:47:45 ==> 2.62,10.61,0.00
2016-03-30 오전 9:47:46 ==> 2.62,10.61,0.00
2016-03-30 오전 9:47:47 ==> 2.62,10.61,0.00
2016-03-30 오전 9:47:48 ==> 2.62,10.61,0.00
2016-03-30 오전 9:47:49 ==> 2.62,10.61,0.00
2016-03-30 오전 9:47:52 ==> 2.62,10.61,0.00
2016-03-30 오전 9:47:53 ==> 2.62,10.61,0.00
2016-03-30 오전 9:47:54 ==> 2.62,10.61,0.00
2016-03-30 오전 9:47:55 ==> 2.62,10.61,0.00
2016-03-30 오전 9:47:56 ==> 2.62,10.61,0.00
2016-03-30 오전 9:47:57 ==> 2.62,10.61,0.00
2016-03-30 오전 9:47:58 ==> 2.62,10.61,0.00
2016-03-30 오전 9:48:00 ==> 2.62,10.61,0.00
2016-03-30 오전 9:48:02 ==> 2.62,10.61,0.00
2016-03-30 오전 9:48:03 ==> 2.62,10.61,0.00
2016-03-30 오전 9:48:04 ==> 2.62,10.61,0.00
2016-03-30 오전 9:48:06 ==> 2.62,10.61,0.00
2016-03-30 오전 9:48:07 ==> 2.62,10.61,0.00
2016-03-30 오전 9:48:08 ==> 2.62,10.61,0.00
2016-03-30 오전 9:48:10 ==> 2.62,10.61,0.00
2016-03-30 오전 9:48:11 ==> 2.62,10.61,0.00
2016-03-30 오전 9:48:12 ==> 2.62,10.61,0.00
2016-03-30 오전 9:48:13 ==> 2.62,10.61,0.00
2016-03-30 오전 9:48:15 ==> 2.62,10.61,0.00
2016-03-30 오전 9:48:18 ==> 2.62,10.61,0.00
2016-03-30 오전 9:48:19 ==> 2.62,10.61,0.00
2016-03-30 오전 9:48:20 ==> 2.62,10.61,0.00
2016-03-30 오전 9:48:21 ==> 2.62,10.61,0.00
2016-03-30 오전 9:48:22 ==> 2.62,10.61,0.00
2016-03-30 오전 9:48:23 ==> 2.62,10.61,0.00
2016-03-30 오전 9:48:24 ==> 2.62,10.61,0.00
2016-03-30 오전 9:48:25 ==> 2.62,10.61,0.00
2016-03-30 오전 9:48:27 ==> 2.62,10.61,0.00
2016-03-30 오전 9:48:28 ==> 2.62,10.61,0.00
2016-03-30 오전 9:48:30 ==> 2.62,10.61,0.00
2016-03-30 오전 9:48:31 ==> 2.62,10.61,0.00
2016-03-30 오전 9:48:32 ==> 2.62,10.61,0.00
2016-03-30 오전 9:48:33 ==> 2.62,10.61,0.00
2016-03-30 오전 9:48:34 ==> 2.62,10.61,0.00
2016-03-30 오전 9:48:35 ==> 2.62,10.61,0.00
2016-03-30 오전 9:48:37 ==> 2.62,10.61,0.00
2016-03-30 오전 9:48:38 ==> 2.62,10.61,0.00
2016-03-30 오전 9:48:39 ==> 2.62,10.61,0.00
2016-03-30 오전 9:48:40 ==> 2.62,10.61,0.00
2016-03-30 오전 9:48:42 ==> 2.62,10.61,0.00
2016-03-30 오전 9:48:43 ==> 2.62,10.61,0.00
2016-03-30 오전 9:48:44 ==> 2.62,10.61,0.00
2016-03-30 오전 9:48:45 ==> 2.62,10.61,0.00
2016-03-30 오전 9:48:46 ==> 2.62,10.61,0.00
2016-03-30 오전 9:48:47 ==> 2.62,10.61,0.00
2016-03-30 오전 9:48:48 ==> 2.62,10.61,0.00
2016-03-30 오전 9:48:50 ==> 2.62,10.61,0.00
2016-03-30 오전 9:48:51 ==> 2.62,10.61,0.00
2016-03-30 오전 9:48:52 ==> 2.62,10.61,0.00
2016-03-30 오전 9:48:53 ==> 2.62,10.61,0.00
2016-03-30 오전 9:48:55 ==> 2.62,10.61,0.00
2016-03-30 오전 9:48:56 ==> 2.62,10.61,0.00
2016-03-30 오전 9:48:57 ==> 2.62,10.61,0.00
2016-03-30 오전 9:48:59 ==> 2.62,10.61,0.00
2016-03-30 오전 9:49:00 ==> 2.62,10.61,0.00
2016-03-30 오전 9:49:01 ==> 2.62,10.61,0.00
2016-03-30 오전 9:49:03 ==> 2.62,10.61,0.00
2016-03-30 오전 9:49:04 ==> 2.62,10.61,0.00
2016-03-30 오전 9:49:06 ==> 2.62,10.61,0.00
2016-03-30 오전 9:49:07 ==> 2.62,10.61,0.00
2016-03-30 오전 9:49:08 ==> 2.62,10.61,0.00
2016-03-30 오전 9:49:10 ==> 2.62,10.61,0.00
2016-03-30 오전 9:49:12 ==> 2.62,10.61,0.00
2016-03-30 오전 9:49:13 ==> 2.62,10.61,0.00
2016-03-30 오전 9:49:14 ==> 2.62,10.61,0.00
2016-03-30 오전 9:49:15 ==> 2.62,10.61,0.00
2016-03-30 오전 9:49:16 ==> 2.62,10.61,0.00
2016-03-30 오전 9:49:18 ==> 2.62,10.61,0.00
2016-03-30 오전 9:49:19 ==> 2.62,10.61,0.00
2016-03-30 오전 9:49:20 ==> 2.62,10.61,0.00
2016-03-30 오전 9:49:21 ==> 2.62,10.61,0.00
2016-03-30 오전 9:49:22 ==> 2.62,10.61,0.00
2016-03-30 오전 9:49:23 ==> 2.62,10.61,0.00
2016-03-30 오전 9:49:25 ==> 2.62,10.61,0.00
2016-03-30 오전 9:49:26 ==> 2.62,10.61,0.00
2016-03-30 오전 9:49:28 ==> 2.62,10.61,0.00
2016-03-30 오전 9:49:29 ==> 2.62,10.61,0.00
2016-03-30 오전 9:49:30 ==> 2.62,10.61,0.00
2016-03-30 오전 9:49:32 ==> 2.62,10.61,0.00
2016-03-30 오전 9:49:33 ==> 2.62,10.61,0.00
2016-03-30 오전 9:49:34 ==> 2.62,10.61,0.00
2016-03-30 오전 9:49:35 ==> 2.62,10.61,0.00
2016-03-30 오전 9:49:37 ==> 2.62,10.61,0.00
2016-03-30 오전 9:49:38 ==> 2.62,10.61,0.00
2016-03-30 오전 9:49:39 ==> 2.62,10.61,0.00
2016-03-30 오전 9:49:40 ==> 2.62,10.61,0.00
2016-03-30 오전 9:49:41 ==> 2.62,10.61,0.00
2016-03-30 오전 9:49:43 ==> 2.62,10.61,0.00
2016-03-30 오전 9:49:44 ==> 2.62,10.61,0.00
2016-03-30 오전 9:49:45 ==> 2.62,10.61,0.00
2016-03-30 오전 9:49:46 ==> 2.62,10.61,0.00
2016-03-30 오전 9:49:47 ==> 2.62,10.61,0.00
2016-03-30 오전 9:49:48 ==> 2.62,10.61,0.00
2016-03-30 오전 9:49:49 ==> 2.62,10.61,0.00
2016-03-30 오전 9:49:50 ==> 2.62,10.61,0.00
2016-03-30 오전 9:49:51 ==> 2.62,10.61,0.00
2016-03-30 오전 9:49:52 ==> 2.62,10.61,0.00
2016-03-30 오전 9:49:53 ==> 2.62,10.61,0.00
2016-03-30 오전 9:49:54 ==> 2.62,10.61,0.00
2016-03-30 오전 9:49:55 ==> 2.62,10.61,0.00
2016-03-30 오전 9:49:57 ==> 2.62,10.61,0.00
2016-03-30 오전 9:49:58 ==> 2.62,10.61,0.00
2016-03-30 오전 9:49:59 ==> 2.62,10.61,0.00
2016-03-30 오전 9:50:00 ==> 2.62,10.61,0.00
2016-03-30 오전 9:50:01 ==> 2.62,10.61,0.00
2016-03-30 오전 9:50:02 ==> 2.62,10.61,0.00
2016-03-30 오전 9:50:04 ==> 2.62,10.61,0.00
2016-03-30 오전 9:50:05 ==> 2.62,10.61,0.00
2016-03-30 오전 9:50:06 ==> 2.62,10.61,0.00
2016-03-30 오전 9:50:07 ==> 2.62,10.61,0.00
2016-03-30 오전 9:50:09 ==> 2.62,10.61,0.00
2016-03-30 오전 9:50:10 ==> 2.62,10.61,0.00
2016-03-30 오전 9:50:11 ==> 2.62,10.61,0.00
2016-03-30 오전 9:50:12 ==> 2.62,10.61,0.00
2016-03-30 오전 9:50:13 ==> 2.62,10.61,0.00
2016-03-30 오전 9:50:15 ==> 2.62,10.61,0.00
2016-03-30 오전 9:50:16 ==> 2.62,10.61,0.00
2016-03-30 오전 9:50:17 ==> 2.62,10.61,0.00
2016-03-30 오전 9:50:18 ==> 2.62,10.61,0.00
2016-03-30 오전 9:50:19 ==> 2.62,10.61,0.00
2016-03-30 오전 9:50:20 ==> 2.62,10.61,0.00
2016-03-30 오전 9:50:22 ==> 2.62,10.61,0.00
2016-03-30 오전 9:50:23 ==> 2.62,10.61,0.00
2016-03-30 오전 9:50:24 ==> 2.62,10.61,0.00
2016-03-30 오전 9:50:25 ==> 2.62,10.61,0.00
2016-03-30 오전 9:50:26 ==> 2.62,10.61,0.00
2016-03-30 오전 9:50:27 ==> 2.62,10.61,0.00
2016-03-30 오전 9:50:28 ==> 2.62,10.61,0.00
2016-03-30 오전 9:50:29 ==> 2.62,10.61,0.00
2016-03-30 오전 9:50:32 ==> 2.62,10.61,0.00
2016-03-30 오전 9:50:33 ==> 2.62,10.61,0.00
2016-03-30 오전 9:50:34 ==> 2.62,10.61,0.00
2016-03-30 오전 9:50:35 ==> 2.62,10.61,0.00
2016-03-30 오전 9:50:36 ==> 2.62,10.61,0.00
2016-03-30 오전 9:50:38 ==> 2.62,10.61,0.00
2016-03-30 오전 9:50:39 ==> 2.62,10.61,0.00
2016-03-30 오전 9:50:40 ==> 2.62,10.61,0.00
2016-03-30 오전 9:50:41 ==> 2.62,10.61,0.00
2016-03-30 오전 9:50:43 ==> 2.62,10.61,0.00
2016-03-30 오전 9:50:44 ==> 2.62,10.61,0.00
2016-03-30 오전 9:50:45 ==> 2.62,10.61,0.00
2016-03-30 오전 9:50:46 ==> 2.62,10.61,0.00
2016-03-30 오전 9:50:47 ==> 2.62,10.61,0.00
2016-03-30 오전 9:50:48 ==> 2.62,10.61,0.00
2016-03-30 오전 9:50:49 ==> 2.62,10.61,0.00
2016-03-30 오전 9:50:51 ==> 2.62,10.61,0.00
2016-03-30 오전 9:50:53 ==> 2.62,10.61,0.00
2016-03-30 오전 9:50:54 ==> 2.62,10.61,0.00
2016-03-30 오전 9:50:56 ==> 2.62,10.61,0.00
2016-03-30 오전 9:50:56 ==> 2.62,10.61,0.00
2016-03-30 오전 9:50:58 ==> 2.62,10.61,0.00
2016-03-30 오전 9:50:59 ==> 2.62,10.61,0.00
2016-03-30 오전 9:51:00 ==> 2.62,10.61,0.00
2016-03-30 오전 9:51:02 ==> 2.62,10.61,0.00
2016-03-30 오전 9:51:03 ==> 2.62,10.61,0.00
2016-03-30 오전 9:51:04 ==> 2.62,10.61,0.00
2016-03-30 오전 9:51:05 ==> 2.62,10.61,0.00
2016-03-30 오전 9:51:06 ==> 2.62,10.61,0.00
2016-03-30 오전 9:51:08 ==> 2.62,10.61,0.00
2016-03-30 오전 9:51:09 ==> 2.62,10.61,0.00
2016-03-30 오전 9:51:10 ==> 2.62,10.61,0.00
2016-03-30 오전 9:51:11 ==> 2.62,10.61,0.00
2016-03-30 오전 9:51:12 ==> 2.62,10.61,0.00
2016-03-30 오전 9:51:14 ==> 2.62,10.61,0.00
2016-03-30 오전 9:51:15 ==> 2.62,10.61,0.00
2016-03-30 오전 9:51:17 ==> 2.62,10.61,0.00
2016-03-30 오전 9:51:18 ==> 2.62,10.61,0.00
2016-03-30 오전 9:51:19 ==> 2.62,10.61,0.00
2016-03-30 오전 9:51:21 ==> 2.62,10.61,0.00
2016-03-30 오전 9:51:22 ==> 2.62,10.61,0.00
2016-03-30 오전 9:51:23 ==> 2.62,10.61,0.00
2016-03-30 오전 9:51:24 ==> 2.62,10.61,0.00
2016-03-30 오전 9:51:25 ==> 2.62,10.61,0.00
2016-03-30 오전 9:51:26 ==> 2.62,10.61,0.00
2016-03-30 오전 9:51:28 ==> 2.62,10.61,0.00
2016-03-30 오전 9:51:29 ==> 2.62,10.61,0.00
2016-03-30 오전 9:51:30 ==> 2.62,10.61,0.00
2016-03-30 오전 9:51:31 ==> 2.62,10.61,0.00
2016-03-30 오전 9:51:32 ==> 2.62,10.61,0.00
2016-03-30 오전 9:51:33 ==> 2.62,10.61,0.00
2016-03-30 오전 9:51:34 ==> 2.62,10.61,0.00
2016-03-30 오전 9:51:35 ==> 2.62,10.61,0.00
2016-03-30 오전 9:51:36 ==> 2.62,10.61,0.00
2016-03-30 오전 9:51:38 ==> 2.66,10.61,0.00
2016-03-30 오전 9:51:39 ==> 2.87,10.61,0.00
2016-03-30 오전 9:51:40 ==> 3.12,10.61,1.00
2016-03-30 오전 9:51:41 ==> 3.38,10.61,0.00
2016-03-30 오전 9:51:43 ==> 3.74,10.61,-1.00
2016-03-30 오전 9:51:44 ==> 4.70,10.61,1.00
2016-03-30 오전 9:51:45 ==> 5.19,10.61,0.00
2016-03-30 오전 9:51:47 ==> 5.70,10.61,0.00
2016-03-30 오전 9:51:48 ==> 6.66,10.61,0.00
2016-03-30 오전 9:51:49 ==> 7.20,10.61,0.00
2016-03-30 오전 9:51:50 ==> 7.86,10.61,1.00
2016-03-30 오전 9:51:51 ==> 8.36,10.61,1.00
2016-03-30 오전 9:51:53 ==> 8.82,10.61,0.00
2016-03-30 오전 9:51:54 ==> 9.41,10.61,0.00
2016-03-30 오전 9:51:55 ==> 9.79,10.61,1.00
2016-03-30 오전 9:51:56 ==> 10.12,10.61,0.00
2016-03-30 오전 9:51:57 ==> 10.48,10.61,0.00
2016-03-30 오전 9:51:58 ==> 10.73,10.61,0.00
2016-03-30 오전 9:52:00 ==> 11.05,10.61,0.00
2016-03-30 오전 9:52:01 ==> 11.30,10.61,0.00
2016-03-30 오전 9:52:02 ==> 11.44,10.61,0.00
2016-03-30 오전 9:52:03 ==> 11.52,10.61,1.00
2016-03-30 오전 9:52:04 ==> 11.57,10.61,0.00
2016-03-30 오전 9:52:05 ==> 11.56,10.61,0.00
2016-03-30 오전 9:52:06 ==> 11.56,10.61,0.00
2016-03-30 오전 9:52:07 ==> 11.56,10.61,0.00
2016-03-30 오전 9:52:08 ==> 11.56,10.61,0.00
2016-03-30 오전 9:52:09 ==> 11.56,10.61,0.00
2016-03-30 오전 9:52:10 ==> 11.56,10.61,0.00
2016-03-30 오전 9:52:12 ==> 11.56,10.61,0.00
2016-03-30 오전 9:52:13 ==> 11.56,10.61,0.00
2016-03-30 오전 9:52:14 ==> 11.56,10.61,0.00
2016-03-30 오전 9:52:15 ==> 11.56,10.61,0.00
2016-03-30 오전 9:52:17 ==> 11.56,10.61,0.00
2016-03-30 오전 9:52:18 ==> 11.56,10.61,0.00
2016-03-30 오전 9:52:19 ==> 11.56,10.61,0.00
2016-03-30 오전 9:52:20 ==> 11.56,10.61,0.00
2016-03-30 오전 9:52:21 ==> 11.56,10.61,0.00
2016-03-30 오전 9:52:23 ==> 11.56,10.61,0.00
2016-03-30 오전 9:52:25 ==> 11.56,10.61,0.00
2016-03-30 오전 9:52:26 ==> 11.56,10.61,0.00
2016-03-30 오전 9:52:27 ==> 11.56,10.61,0.00
2016-03-30 오전 9:52:28 ==> 11.56,10.61,0.00
2016-03-30 오전 9:52:29 ==> 11.56,10.61,0.00
2016-03-30 오전 9:52:30 ==> 11.56,10.61,0.00
2016-03-30 오전 9:52:31 ==> 11.56,10.61,0.00
2016-03-30 오전 9:52:33 ==> 11.56,10.61,0.00
2016-03-30 오전 9:52:34 ==> 11.56,10.61,0.00
2016-03-30 오전 9:52:35 ==> 11.56,10.61,0.00
2016-03-30 오전 9:52:36 ==> 11.56,10.61,0.00
2016-03-30 오전 9:52:37 ==> 11.56,10.61,0.00
2016-03-30 오전 9:52:39 ==> 11.56,10.61,0.00
2016-03-30 오전 9:52:40 ==> 11.56,10.61,0.00
2016-03-30 오전 9:52:41 ==> 11.56,10.61,0.00
2016-03-30 오전 9:52:42 ==> 11.56,10.61,0.00
2016-03-30 오전 9:52:43 ==> 11.56,10.61,0.00
2016-03-30 오전 9:52:45 ==> 11.56,10.61,0.00
2016-03-30 오전 9:52:47 ==> 11.56,10.61,0.00
2016-03-30 오전 9:52:48 ==> 11.56,10.61,0.00
2016-03-30 오전 9:52:49 ==> 11.56,10.61,0.00
2016-03-30 오전 9:52:50 ==> 11.56,10.61,0.00
2016-03-30 오전 9:52:51 ==> 11.56,10.61,0.00
2016-03-30 오전 9:52:52 ==> 11.56,10.61,0.00
2016-03-30 오전 9:52:53 ==> 11.56,10.61,0.00
2016-03-30 오전 9:52:55 ==> 11.56,10.61,0.00
2016-03-30 오전 9:52:56 ==> 11.56,10.61,0.00
2016-03-30 오전 9:52:57 ==> 11.56,10.61,0.00
2016-03-30 오전 9:52:58 ==> 11.56,10.61,0.00
2016-03-30 오전 9:52:59 ==> 11.56,10.61,0.00
2016-03-30 오전 9:53:00 ==> 11.56,10.61,0.00
2016-03-30 오전 9:53:02 ==> 11.56,10.61,0.00
2016-03-30 오전 9:53:03 ==> 11.56,10.61,0.00
2016-03-30 오전 9:53:04 ==> 11.56,10.61,0.00
2016-03-30 오전 9:53:06 ==> 11.56,10.61,0.00
2016-03-30 오전 9:53:08 ==> 11.56,10.61,0.00
2016-03-30 오전 9:53:09 ==> 11.56,10.61,0.00
2016-03-30 오전 9:53:10 ==> 11.56,10.61,0.00
2016-03-30 오전 9:53:11 ==> 11.56,10.61,0.00
2016-03-30 오전 9:53:13 ==> 11.56,10.61,0.00
2016-03-30 오전 9:53:14 ==> 11.56,10.61,0.00
2016-03-30 오전 9:53:15 ==> 11.56,10.61,0.00
2016-03-30 오전 9:53:17 ==> 11.56,10.61,0.00
2016-03-30 오전 9:53:18 ==> 11.56,10.61,0.00
2016-03-30 오전 9:53:19 ==> 11.56,10.61,0.00
2016-03-30 오전 9:53:20 ==> 11.56,10.61,0.00
2016-03-30 오전 9:53:21 ==> 11.56,10.61,0.00
2016-03-30 오전 9:53:22 ==> 11.56,10.61,0.00
2016-03-30 오전 9:53:23 ==> 11.56,10.61,0.00
2016-03-30 오전 9:53:24 ==> 11.56,10.61,0.00
2016-03-30 오전 9:53:25 ==> 11.56,10.61,0.00
2016-03-30 오전 9:53:27 ==> 11.56,10.61,0.00
2016-03-30 오전 9:53:28 ==> 11.56,10.61,0.00
2016-03-30 오전 9:53:29 ==> 11.56,10.61,0.00
2016-03-30 오전 9:53:30 ==> 11.56,10.61,0.00
2016-03-30 오전 9:53:31 ==> 11.56,10.61,0.00
2016-03-30 오전 9:53:33 ==> 11.56,10.61,0.00
2016-03-30 오전 9:53:34 ==> 11.56,10.61,0.00
2016-03-30 오전 9:53:35 ==> 11.56,10.61,0.00
2016-03-30 오전 9:53:36 ==> 11.56,10.61,0.00
2016-03-30 오전 9:53:37 ==> 11.56,10.61,0.00
2016-03-30 오전 9:53:38 ==> 11.56,10.61,0.00
2016-03-30 오전 9:53:40 ==> 11.56,10.61,0.00
2016-03-30 오전 9:53:42 ==> 11.56,10.61,0.00
2016-03-30 오전 9:53:43 ==> 11.56,10.61,0.00
2016-03-30 오전 9:53:44 ==> 11.56,10.61,0.00
2016-03-30 오전 9:53:45 ==> 11.56,10.61,0.00
2016-03-30 오전 9:53:46 ==> 11.56,10.61,0.00
2016-03-30 오전 9:53:47 ==> 11.56,10.61,0.00
2016-03-30 오전 9:53:48 ==> 11.56,10.61,0.00
2016-03-30 오전 9:53:49 ==> 11.56,10.61,0.00
2016-03-30 오전 9:53:51 ==> 11.56,10.61,0.00
2016-03-30 오전 9:53:52 ==> 11.56,10.61,0.00
2016-03-30 오전 9:53:54 ==> 11.56,10.61,0.00
2016-03-30 오전 9:53:55 ==> 11.56,10.61,0.00
2016-03-30 오전 9:53:56 ==> 11.56,10.61,0.00
2016-03-30 오전 9:53:58 ==> 11.56,10.61,0.00
2016-03-30 오전 9:53:59 ==> 11.56,10.61,0.00
2016-03-30 오전 9:54:01 ==> 11.56,10.61,0.00
2016-03-30 오전 9:54:02 ==> 11.56,10.61,0.00
2016-03-30 오전 9:54:03 ==> 11.56,10.61,0.00
2016-03-30 오전 9:54:06 ==> 11.56,10.61,0.00
2016-03-30 오전 9:54:07 ==> 11.56,10.61,0.00
2016-03-30 오전 9:54:08 ==> 11.56,10.61,0.00
2016-03-30 오전 9:54:09 ==> 11.56,10.61,0.00
2016-03-30 오전 9:54:10 ==> 11.56,10.61,0.00
2016-03-30 오전 9:54:12 ==> 11.56,10.61,0.00
2016-03-30 오전 9:54:13 ==> 11.56,10.61,0.00
2016-03-30 오전 9:54:15 ==> 11.56,10.61,0.00
2016-03-30 오전 9:54:16 ==> 11.56,10.61,0.00
2016-03-30 오전 9:54:18 ==> 11.56,10.61,0.00
2016-03-30 오전 9:54:19 ==> 11.56,10.61,0.00
2016-03-30 오전 9:54:20 ==> 11.56,10.61,0.00
2016-03-30 오전 9:54:21 ==> 11.56,10.61,0.00
2016-03-30 오전 9:54:22 ==> 11.56,10.61,0.00
2016-03-30 오전 9:54:24 ==> 11.56,10.61,0.00
2016-03-30 오전 9:54:25 ==> 11.56,10.61,0.00
2016-03-30 오전 9:54:27 ==> 11.56,10.61,0.00
2016-03-30 오전 9:54:28 ==> 11.56,10.61,0.00
2016-03-30 오전 9:54:29 ==> 11.56,10.61,0.00
2016-03-30 오전 9:54:30 ==> 11.56,10.61,0.00
2016-03-30 오전 9:54:31 ==> 11.56,10.61,0.00
2016-03-30 오전 9:54:32 ==> 11.56,10.61,0.00
2016-03-30 오전 9:54:33 ==> 11.56,10.61,0.00
2016-03-30 오전 9:54:34 ==> 11.56,10.61,0.00
2016-03-30 오전 9:54:36 ==> 11.56,10.61,0.00
2016-03-30 오전 9:54:37 ==> 11.56,10.61,0.00
2016-03-30 오전 9:54:38 ==> 11.56,10.61,0.00
2016-03-30 오전 9:54:40 ==> 11.56,10.61,0.00
2016-03-30 오전 9:54:41 ==> 11.56,10.61,0.00
2016-03-30 오전 9:54:42 ==> 11.56,10.61,0.00
2016-03-30 오전 9:54:43 ==> 11.56,10.61,0.00
2016-03-30 오전 9:54:45 ==> 11.56,10.61,0.00
2016-03-30 오전 9:54:46 ==> 11.56,10.61,0.00
2016-03-30 오전 9:54:47 ==> 11.56,10.61,0.00
2016-03-30 오전 9:54:48 ==> 11.56,10.61,0.00
2016-03-30 오전 9:54:49 ==> 11.56,10.61,0.00
2016-03-30 오전 9:54:51 ==> 11.56,10.61,0.00
2016-03-30 오전 9:54:52 ==> 11.56,10.61,0.00
2016-03-30 오전 9:54:53 ==> 11.56,10.61,0.00
2016-03-30 오전 9:54:54 ==> 11.56,10.61,0.00
2016-03-30 오전 9:54:56 ==> 11.56,10.61,0.00
2016-03-30 오전 9:54:57 ==> 11.56,10.61,0.00
2016-03-30 오전 9:54:58 ==> 11.56,10.61,0.00
2016-03-30 오전 9:55:00 ==> 11.56,10.61,0.00
2016-03-30 오전 9:55:01 ==> 11.56,10.61,0.00
2016-03-30 오전 9:55:02 ==> 11.56,10.61,0.00
2016-03-30 오전 9:55:03 ==> 11.56,10.61,0.00
2016-03-30 오전 9:55:04 ==> 11.56,10.61,0.00
2016-03-30 오전 9:55:06 ==> 11.56,10.61,0.00
2016-03-30 오전 9:55:07 ==> 11.56,10.61,0.00
2016-03-30 오전 9:55:08 ==> 11.56,10.61,0.00
2016-03-30 오전 9:55:09 ==> 11.56,10.61,0.00
2016-03-30 오전 9:55:11 ==> 11.56,10.61,0.00
2016-03-30 오전 9:55:12 ==> 11.56,10.61,0.00
2016-03-30 오전 9:55:13 ==> 11.56,10.61,0.00
2016-03-30 오전 9:55:14 ==> 11.56,10.61,0.00
2016-03-30 오전 9:55:15 ==> 11.56,10.61,0.00
2016-03-30 오전 9:55:16 ==> 11.56,10.61,0.00
2016-03-30 오전 9:55:17 ==> 11.56,10.61,0.00
2016-03-30 오전 9:55:19 ==> 11.56,10.61,0.00
2016-03-30 오전 9:55:20 ==> 11.56,10.61,0.00
2016-03-30 오전 9:55:21 ==> 11.56,10.61,0.00
2016-03-30 오전 9:55:22 ==> 11.56,10.61,0.00
2016-03-30 오전 9:55:23 ==> 11.56,10.61,0.00
2016-03-30 오전 9:55:24 ==> 11.56,10.61,0.00
2016-03-30 오전 9:55:27 ==> 11.56,10.61,0.00
2016-03-30 오전 9:55:28 ==> 11.56,10.61,0.00
2016-03-30 오전 9:55:30 ==> 11.56,10.61,0.00
2016-03-30 오전 9:55:31 ==> 11.56,10.61,0.00
2016-03-30 오전 9:55:32 ==> 11.56,10.61,0.00
2016-03-30 오전 9:55:33 ==> 11.56,10.61,0.00
2016-03-30 오전 9:55:34 ==> 11.56,10.61,0.00
2016-03-30 오전 9:55:35 ==> 11.56,10.61,0.00
2016-03-30 오전 9:55:36 ==> 11.56,10.61,0.00
2016-03-30 오전 9:55:37 ==> 11.56,10.61,0.00
2016-03-30 오전 9:55:39 ==> 11.56,10.61,0.00
2016-03-30 오전 9:55:40 ==> 11.56,10.61,0.00
2016-03-30 오전 9:55:41 ==> 11.56,10.61,0.00
2016-03-30 오전 9:55:42 ==> 11.56,10.61,0.00
2016-03-30 오전 9:55:44 ==> 11.56,10.61,0.00
2016-03-30 오전 9:55:45 ==> 11.56,10.61,0.00
2016-03-30 오전 9:55:46 ==> 11.56,10.61,0.00
2016-03-30 오전 9:55:49 ==> 11.56,10.61,0.00
2016-03-30 오전 9:55:50 ==> 11.56,10.61,0.00
2016-03-30 오전 9:55:52 ==> 11.56,10.61,0.00
2016-03-30 오전 9:55:53 ==> 11.56,10.61,0.00
2016-03-30 오전 9:55:54 ==> 11.56,10.61,0.00
2016-03-30 오전 9:55:55 ==> 11.56,10.61,0.00
2016-03-30 오전 9:55:57 ==> 11.56,10.61,0.00
2016-03-30 오전 9:55:58 ==> 11.56,10.61,0.00
2016-03-30 오전 9:55:59 ==> 11.56,10.61,0.00
2016-03-30 오전 9:56:00 ==> 11.56,10.61,0.00
2016-03-30 오전 9:56:02 ==> 11.56,10.61,0.00
2016-03-30 오전 9:56:03 ==> 11.56,10.61,0.00
2016-03-30 오전 9:56:04 ==> 11.56,10.61,0.00
2016-03-30 오전 9:56:05 ==> 11.56,10.61,0.00
2016-03-30 오전 9:56:06 ==> 11.56,10.61,0.00
2016-03-30 오전 9:56:08 ==> 11.56,10.61,0.00
2016-03-30 오전 9:56:09 ==> 11.56,10.61,0.00
2016-03-30 오전 9:56:10 ==> 11.56,10.61,0.00
2016-03-30 오전 9:56:11 ==> 11.56,10.61,0.00
2016-03-30 오전 9:56:13 ==> 11.56,10.61,0.00
2016-03-30 오전 9:56:14 ==> 11.56,10.61,0.00
2016-03-30 오전 9:56:15 ==> 11.56,10.61,0.00
2016-03-30 오전 9:56:16 ==> 11.56,10.61,0.00
2016-03-30 오전 9:56:17 ==> 11.56,10.61,0.00
2016-03-30 오전 9:56:18 ==> 11.56,10.61,0.00
2016-03-30 오전 9:56:20 ==> 11.56,10.61,0.00
2016-03-30 오전 9:56:21 ==> 11.56,10.61,0.00
2016-03-30 오전 9:56:23 ==> 11.56,10.61,0.00
2016-03-30 오전 9:56:24 ==> 11.56,10.61,0.00
2016-03-30 오전 9:56:25 ==> 11.56,10.61,0.00
2016-03-30 오전 9:56:26 ==> 11.56,10.61,0.00
2016-03-30 오전 9:56:27 ==> 11.56,10.61,0.00
2016-03-30 오전 9:56:28 ==> 11.56,10.61,0.00
2016-03-30 오전 9:56:30 ==> 11.56,10.61,0.00
2016-03-30 오전 9:56:31 ==> 11.56,10.61,0.00
2016-03-30 오전 9:56:32 ==> 11.56,10.61,0.00
2016-03-30 오전 9:56:33 ==> 11.56,10.61,0.00
2016-03-30 오전 9:56:34 ==> 11.56,10.61,0.00
2016-03-30 오전 9:56:35 ==> 11.56,10.61,0.00
2016-03-30 오전 9:56:36 ==> 11.56,10.61,0.00
2016-03-30 오전 9:56:38 ==> 11.56,10.61,0.00
2016-03-30 오전 9:56:39 ==> 11.56,10.61,0.00
2016-03-30 오전 9:56:40 ==> 11.56,10.61,0.00
2016-03-30 오전 9:56:41 ==> 11.56,10.61,0.00
2016-03-30 오전 9:56:42 ==> 11.56,10.61,0.00
2016-03-30 오전 9:56:43 ==> 11.56,10.61,0.00
2016-03-30 오전 9:56:44 ==> 11.56,10.61,0.00
2016-03-30 오전 9:56:45 ==> 11.56,10.61,0.00
2016-03-30 오전 9:56:46 ==> 11.56,10.61,0.00
2016-03-30 오전 9:56:47 ==> 11.56,10.61,0.00
2016-03-30 오전 9:56:49 ==> 11.56,10.61,0.00
2016-03-30 오전 9:56:50 ==> 11.56,10.61,0.00
2016-03-30 오전 9:56:51 ==> 11.56,10.61,0.00
2016-03-30 오전 9:56:53 ==> 11.56,10.61,0.00
2016-03-30 오전 9:56:54 ==> 11.56,10.61,0.00
2016-03-30 오전 9:56:56 ==> 11.56,10.61,0.00
2016-03-30 오전 9:56:57 ==> 11.56,10.61,0.00
2016-03-30 오전 9:56:58 ==> 11.56,10.61,0.00
2016-03-30 오전 9:56:59 ==> 11.56,10.61,0.00
2016-03-30 오전 9:57:00 ==> 11.56,10.61,0.00
2016-03-30 오전 9:57:01 ==> 11.56,10.61,0.00
2016-03-30 오전 9:57:02 ==> 11.56,10.61,0.00
2016-03-30 오전 9:57:03 ==> 11.56,10.61,0.00
2016-03-30 오전 9:57:05 ==> 11.56,10.61,0.00
2016-03-30 오전 9:57:06 ==> 11.56,10.61,0.00
2016-03-30 오전 9:57:06 ==> 11.56,10.61,0.00
2016-03-30 오전 9:57:08 ==> 11.56,10.61,0.00
2016-03-30 오전 9:57:09 ==> 11.56,10.61,0.00
2016-03-30 오전 9:57:10 ==> 11.56,10.61,0.00
2016-03-30 오전 9:57:11 ==> 11.56,10.61,0.00
2016-03-30 오전 9:57:12 ==> 11.56,10.61,0.00
2016-03-30 오전 9:57:13 ==> 11.56,10.61,0.00
2016-03-30 오전 9:57:14 ==> 11.56,10.61,0.00
2016-03-30 오전 9:57:16 ==> 11.56,10.61,0.00
2016-03-30 오전 9:57:17 ==> 11.56,10.61,0.00
2016-03-30 오전 9:57:18 ==> 11.56,10.61,0.00
2016-03-30 오전 9:57:19 ==> 11.56,10.61,0.00
2016-03-30 오전 9:57:21 ==> 11.56,10.61,0.00
2016-03-30 오전 9:57:22 ==> 11.56,10.61,0.00
2016-03-30 오전 9:57:24 ==> 11.56,10.61,0.00
2016-03-30 오전 9:57:25 ==> 11.56,10.61,0.00
2016-03-30 오전 9:57:27 ==> 11.56,10.61,0.00
2016-03-30 오전 9:57:28 ==> 11.56,10.61,0.00
2016-03-30 오전 9:57:29 ==> 11.56,10.61,0.00
2016-03-30 오전 9:57:31 ==> 11.56,10.61,0.00
2016-03-30 오전 9:57:32 ==> 11.56,10.61,0.00
2016-03-30 오전 9:57:33 ==> 11.56,10.61,0.00
2016-03-30 오전 9:57:35 ==> 11.56,10.61,0.00
2016-03-30 오전 9:57:35 ==> 11.56,10.61,0.00
2016-03-30 오전 9:57:37 ==> 11.56,10.61,0.00
2016-03-30 오전 9:57:38 ==> 11.56,10.61,0.00
2016-03-30 오전 9:57:39 ==> 11.56,10.61,0.00
2016-03-30 오전 9:57:40 ==> 11.56,10.61,0.00
2016-03-30 오전 9:57:41 ==> 11.56,10.61,0.00
2016-03-30 오전 9:57:42 ==> 11.56,10.61,0.00
2016-03-30 오전 9:57:44 ==> 11.56,10.61,0.00
2016-03-30 오전 9:57:45 ==> 11.56,10.61,0.00
2016-03-30 오전 9:57:46 ==> 11.56,10.61,0.00
2016-03-30 오전 9:57:48 ==> 11.56,10.61,0.00
2016-03-30 오전 9:57:49 ==> 11.56,10.61,0.00
2016-03-30 오전 9:57:51 ==> 11.56,10.61,0.00
2016-03-30 오전 9:57:52 ==> 11.56,10.61,0.00
2016-03-30 오전 9:57:54 ==> 11.56,10.61,0.00
2016-03-30 오전 9:57:55 ==> 11.56,10.61,0.00
2016-03-30 오전 9:57:56 ==> 11.56,10.61,0.00
2016-03-30 오전 9:57:58 ==> 11.56,10.61,0.00
2016-03-30 오전 9:57:59 ==> 11.56,10.61,0.00
2016-03-30 오전 9:58:00 ==> 11.56,10.61,0.00
2016-03-30 오전 9:58:01 ==> 11.56,10.61,0.00
2016-03-30 오전 9:58:02 ==> 11.56,10.61,0.00
2016-03-30 오전 9:58:03 ==> 11.56,10.61,0.00
2016-03-30 오전 9:58:05 ==> 11.56,10.61,0.00
2016-03-30 오전 9:58:06 ==> 11.56,10.61,0.00
2016-03-30 오전 9:58:07 ==> 11.56,10.61,0.00
2016-03-30 오전 9:58:08 ==> 11.56,10.61,0.00
2016-03-30 오전 9:58:10 ==> 11.56,10.61,0.00
2016-03-30 오전 9:58:12 ==> 11.56,10.61,0.00
2016-03-30 오전 9:58:13 ==> 11.56,10.61,0.00
2016-03-30 오전 9:58:14 ==> 11.56,10.61,0.00
2016-03-30 오전 9:58:15 ==> 11.56,10.61,0.00
2016-03-30 오전 9:58:16 ==> 11.56,10.61,0.00
2016-03-30 오전 9:58:17 ==> 11.56,10.61,0.00
2016-03-30 오전 9:58:18 ==> 11.56,10.61,0.00
2016-03-30 오전 9:58:20 ==> 11.56,10.61,0.00
2016-03-30 오전 9:58:21 ==> 11.56,10.61,0.00
2016-03-30 오전 9:58:22 ==> 11.56,10.61,0.00
2016-03-30 오전 9:58:24 ==> 11.56,10.61,0.00
2016-03-30 오전 9:58:25 ==> 11.56,10.61,0.00
2016-03-30 오전 9:58:26 ==> 11.56,10.61,0.00
2016-03-30 오전 9:58:27 ==> 11.56,10.61,0.00
2016-03-30 오전 9:58:29 ==> 11.56,10.61,0.00
2016-03-30 오전 9:58:31 ==> 11.56,10.61,0.00
2016-03-30 오전 9:58:32 ==> 11.56,10.61,0.00
2016-03-30 오전 9:58:33 ==> 11.56,10.61,0.00
2016-03-30 오전 9:58:34 ==> 11.56,10.61,0.00
2016-03-30 오전 9:58:36 ==> 11.56,10.61,0.00
2016-03-30 오전 9:58:37 ==> 11.56,10.61,0.00
2016-03-30 오전 9:58:38 ==> 11.56,10.61,0.00
2016-03-30 오전 9:58:39 ==> 11.56,10.61,0.00
2016-03-30 오전 9:58:40 ==> 11.56,10.61,0.00
2016-03-30 오전 9:58:41 ==> 11.56,10.61,0.00
2016-03-30 오전 9:58:42 ==> 11.56,10.61,0.00
2016-03-30 오전 9:58:44 ==> 11.56,10.61,0.00
2016-03-30 오전 9:58:45 ==> 11.56,10.61,0.00
2016-03-30 오전 9:58:46 ==> 11.56,10.61,0.00
2016-03-30 오전 9:58:47 ==> 11.56,10.61,0.00
2016-03-30 오전 9:58:48 ==> 11.56,10.61,0.00
2016-03-30 오전 9:58:49 ==> 11.56,10.61,0.00
2016-03-30 오전 9:58:51 ==> 11.56,10.61,0.00
2016-03-30 오전 9:58:52 ==> 11.56,10.61,0.00
2016-03-30 오전 9:58:54 ==> 11.56,10.61,0.00
2016-03-30 오전 9:58:55 ==> 11.56,10.61,0.00
2016-03-30 오전 9:58:57 ==> 11.56,10.61,0.00
2016-03-30 오전 9:58:58 ==> 11.56,10.61,0.00
2016-03-30 오전 9:59:00 ==> 11.56,10.61,0.00
2016-03-30 오전 9:59:01 ==> 11.56,10.61,0.00
2016-03-30 오전 9:59:02 ==> 11.56,10.61,0.00
2016-03-30 오전 9:59:03 ==> 11.56,10.61,0.00
2016-03-30 오전 9:59:05 ==> 11.56,10.61,0.00
2016-03-30 오전 9:59:06 ==> 11.56,10.61,0.00
2016-03-30 오전 9:59:08 ==> 11.56,10.61,0.00
2016-03-30 오전 9:59:10 ==> 11.56,10.61,0.00
2016-03-30 오전 9:59:11 ==> 11.56,10.61,0.00
2016-03-30 오전 9:59:12 ==> 11.56,10.61,0.00
2016-03-30 오전 9:59:13 ==> 11.56,10.61,0.00
2016-03-30 오전 9:59:14 ==> 11.56,10.61,0.00
2016-03-30 오전 9:59:15 ==> 11.56,10.61,0.00
2016-03-30 오전 9:59:17 ==> 11.56,10.61,0.00
2016-03-30 오전 9:59:18 ==> 11.56,10.61,0.00
2016-03-30 오전 9:59:20 ==> 11.56,10.61,0.00
2016-03-30 오전 9:59:21 ==> 11.56,10.61,0.00
2016-03-30 오전 9:59:22 ==> 11.56,10.61,0.00
2016-03-30 오전 9:59:23 ==> 11.56,10.61,0.00
2016-03-30 오전 9:59:24 ==> 11.56,10.61,0.00
2016-03-30 오전 9:59:26 ==> 11.56,10.61,0.00
2016-03-30 오전 9:59:27 ==> 11.56,10.61,0.00
2016-03-30 오전 9:59:28 ==> 11.56,10.61,0.00
2016-03-30 오전 9:59:29 ==> 11.56,10.61,0.00
2016-03-30 오전 9:59:30 ==> 11.56,10.61,0.00
2016-03-30 오전 9:59:31 ==> 11.56,10.61,0.00
2016-03-30 오전 9:59:33 ==> 11.56,10.61,0.00
2016-03-30 오전 9:59:35 ==> 11.56,10.61,0.00
2016-03-30 오전 9:59:36 ==> 11.56,10.61,0.00
2016-03-30 오전 9:59:37 ==> 11.56,10.61,0.00
2016-03-30 오전 9:59:38 ==> 11.56,10.61,0.00
2016-03-30 오전 9:59:40 ==> 11.56,10.61,0.00
2016-03-30 오전 9:59:42 ==> 11.56,10.61,0.00
2016-03-30 오전 9:59:43 ==> 11.56,10.61,0.00
2016-03-30 오전 9:59:44 ==> 11.56,10.61,0.00
2016-03-30 오전 9:59:45 ==> 11.56,10.61,0.00
2016-03-30 오전 9:59:46 ==> 11.56,10.61,0.00
2016-03-30 오전 9:59:47 ==> 11.56,10.61,0.00
2016-03-30 오전 9:59:48 ==> 11.56,10.61,0.00
2016-03-30 오전 9:59:50 ==> 11.56,10.61,0.00
2016-03-30 오전 9:59:51 ==> 11.56,10.61,0.00
2016-03-30 오전 9:59:52 ==> 11.56,10.61,0.00
2016-03-30 오전 9:59:54 ==> 11.56,10.61,0.00
2016-03-30 오전 9:59:55 ==> 11.56,10.61,0.00
2016-03-30 오전 9:59:57 ==> 11.56,10.61,0.00
2016-03-30 오전 9:59:58 ==> 11.56,10.61,0.00
2016-03-30 오전 9:59:59 ==> 11.56,10.61,0.00
2016-03-30 오전 10:00:00 ==> 11.56,10.61,0.00
2016-03-30 오전 10:00:02 ==> 11.56,10.61,0.00
2016-03-30 오전 10:00:03 ==> 11.56,10.61,0.00
2016-03-30 오전 10:00:04 ==> 11.56,10.61,0.00
2016-03-30 오전 10:00:05 ==> 11.56,10.61,0.00
2016-03-30 오전 10:00:06 ==> 11.56,10.61,0.00
2016-03-30 오전 10:00:07 ==> 11.56,10.61,0.00
2016-03-30 오전 10:00:09 ==> 11.56,10.61,0.00
2016-03-30 오전 10:00:10 ==> 11.56,10.61,0.00
2016-03-30 오전 10:00:11 ==> 11.56,10.61,0.00
2016-03-30 오전 10:00:12 ==> 11.56,10.61,0.00
2016-03-30 오전 10:00:13 ==> 11.56,10.61,0.00
2016-03-30 오전 10:00:14 ==> 11.56,10.61,0.00
2016-03-30 오전 10:00:15 ==> 11.56,10.61,0.00
2016-03-30 오전 10:00:17 ==> 11.56,10.61,0.00
2016-03-30 오전 10:00:18 ==> 11.56,10.61,0.00
2016-03-30 오전 10:00:19 ==> 11.56,10.61,0.00
2016-03-30 오전 10:00:20 ==> 11.56,10.61,0.00
2016-03-30 오전 10:00:21 ==> 11.56,10.61,0.00
2016-03-30 오전 10:00:22 ==> 11.56,10.61,0.00
2016-03-30 오전 10:00:23 ==> 11.56,10.61,0.00
2016-03-30 오전 10:00:25 ==> 11.56,10.61,0.00
2016-03-30 오전 10:00:26 ==> 11.56,10.61,0.00
2016-03-30 오전 10:00:27 ==> 11.56,10.61,0.00
2016-03-30 오전 10:00:28 ==> 11.56,10.61,0.00
2016-03-30 오전 10:00:30 ==> 11.56,10.61,0.00
2016-03-30 오전 10:00:31 ==> 11.56,10.61,0.00
2016-03-30 오전 10:00:32 ==> 11.56,10.61,0.00
2016-03-30 오전 10:00:33 ==> 11.56,10.61,0.00
2016-03-30 오전 10:00:34 ==> 11.56,10.61,0.00
2016-03-30 오전 10:00:36 ==> 11.56,10.61,0.00
2016-03-30 오전 10:00:37 ==> 11.56,10.61,0.00
2016-03-30 오전 10:00:38 ==> 11.56,10.61,0.00
2016-03-30 오전 10:00:39 ==> 11.56,10.61,0.00
2016-03-30 오전 10:00:40 ==> 11.56,10.61,0.00
2016-03-30 오전 10:00:41 ==> 11.56,10.61,0.00
2016-03-30 오전 10:00:43 ==> 11.56,10.61,0.00
2016-03-30 오전 10:00:44 ==> 11.56,10.61,0.00
2016-03-30 오전 10:00:45 ==> 11.56,10.61,0.00
2016-03-30 오전 10:00:46 ==> 11.56,10.61,0.00
2016-03-30 오전 10:00:47 ==> 11.56,10.61,0.00
2016-03-30 오전 10:00:48 ==> 11.56,10.61,0.00
2016-03-30 오전 10:00:49 ==> 11.56,10.61,0.00
2016-03-30 오전 10:00:51 ==> 11.56,10.61,0.00
2016-03-30 오전 10:00:53 ==> 11.56,10.61,0.00
2016-03-30 오전 10:00:54 ==> 11.56,10.61,0.00
2016-03-30 오전 10:00:55 ==> 11.56,10.61,0.00
2016-03-30 오전 10:00:56 ==> 11.56,10.61,0.00
2016-03-30 오전 10:00:57 ==> 11.56,10.61,0.00
2016-03-30 오전 10:00:58 ==> 11.56,10.61,0.00
2016-03-30 오전 10:00:59 ==> 11.56,10.61,0.00
2016-03-30 오전 10:01:00 ==> 11.56,10.61,0.00
2016-03-30 오전 10:01:01 ==> 11.56,10.61,0.00
2016-03-30 오전 10:01:03 ==> 11.56,10.61,0.00
2016-03-30 오전 10:01:04 ==> 11.56,10.61,0.00
2016-03-30 오전 10:01:05 ==> 11.56,10.61,0.00
2016-03-30 오전 10:01:06 ==> 11.56,10.61,0.00
2016-03-30 오전 10:01:07 ==> 11.56,10.61,0.00
2016-03-30 오전 10:01:08 ==> 11.56,10.61,0.00
2016-03-30 오전 10:01:10 ==> 11.56,10.61,0.00
2016-03-30 오전 10:01:12 ==> 11.56,10.61,0.00
2016-03-30 오전 10:01:13 ==> 11.56,10.61,0.00
2016-03-30 오전 10:01:14 ==> 11.56,10.61,0.00
2016-03-30 오전 10:01:15 ==> 11.56,10.61,0.00
2016-03-30 오전 10:01:16 ==> 11.56,10.61,0.00
2016-03-30 오전 10:01:17 ==> 11.56,10.61,0.00
2016-03-30 오전 10:01:18 ==> 11.56,10.61,0.00
2016-03-30 오전 10:01:20 ==> 11.56,10.61,0.00
2016-03-30 오전 10:01:21 ==> 11.56,10.61,0.00
2016-03-30 오전 10:01:22 ==> 11.56,10.61,0.00
2016-03-30 오전 10:01:23 ==> 11.56,10.61,0.00
2016-03-30 오전 10:01:24 ==> 11.56,10.61,0.00
2016-03-30 오전 10:01:25 ==> 11.56,10.61,0.00
2016-03-30 오전 10:01:27 ==> 11.56,10.61,0.00
2016-03-30 오전 10:01:28 ==> 11.56,10.61,0.00
2016-03-30 오전 10:01:29 ==> 11.56,10.61,0.00
2016-03-30 오전 10:01:30 ==> 11.56,10.61,0.00
2016-03-30 오전 10:01:31 ==> 11.56,10.61,0.00
2016-03-30 오전 10:01:32 ==> 11.56,10.61,0.00
2016-03-30 오전 10:01:33 ==> 11.56,10.61,0.00
2016-03-30 오전 10:01:35 ==> 11.56,10.61,0.00
2016-03-30 오전 10:01:36 ==> 11.56,10.61,0.00
2016-03-30 오전 10:01:37 ==> 11.56,10.61,0.00
2016-03-30 오전 10:01:38 ==> 11.56,10.61,0.00
2016-03-30 오전 10:01:40 ==> 11.56,10.61,0.00
2016-03-30 오전 10:01:41 ==> 11.56,10.61,0.00
2016-03-30 오전 10:01:42 ==> 11.56,10.61,0.00
2016-03-30 오전 10:01:43 ==> 11.56,10.61,0.00
2016-03-30 오전 10:01:44 ==> 11.56,10.61,0.00
2016-03-30 오전 10:01:45 ==> 11.56,10.61,0.00
2016-03-30 오전 10:01:46 ==> 11.56,10.61,0.00
2016-03-30 오전 10:01:48 ==> 11.56,10.61,0.00
2016-03-30 오전 10:01:49 ==> 11.56,10.61,0.00
2016-03-30 오전 10:01:50 ==> 11.56,10.61,0.00
2016-03-30 오전 10:01:51 ==> 11.56,10.61,0.00
2016-03-30 오전 10:01:52 ==> 11.56,10.61,0.00
2016-03-30 오전 10:01:54 ==> 11.56,10.61,0.00
2016-03-30 오전 10:01:55 ==> 11.56,10.61,0.00
2016-03-30 오전 10:01:56 ==> 11.56,10.61,0.00
2016-03-30 오전 10:01:57 ==> 11.56,10.61,0.00
2016-03-30 오전 10:01:58 ==> 11.56,10.61,0.00
2016-03-30 오전 10:01:59 ==> 11.56,10.61,0.00
2016-03-30 오전 10:02:01 ==> 11.56,10.61,0.00
2016-03-30 오전 10:02:02 ==> 11.56,10.61,0.00
2016-03-30 오전 10:02:03 ==> 11.56,10.61,0.00
2016-03-30 오전 10:02:04 ==> 11.56,10.61,0.00
2016-03-30 오전 10:02:05 ==> 11.56,10.61,0.00
2016-03-30 오전 10:02:07 ==> 11.56,10.61,0.00
2016-03-30 오전 10:02:08 ==> 11.56,10.61,0.00
2016-03-30 오전 10:02:09 ==> 11.56,10.61,0.00
2016-03-30 오전 10:02:10 ==> 11.56,10.61,0.00
2016-03-30 오전 10:02:11 ==> 11.56,10.61,0.00
2016-03-30 오전 10:02:12 ==> 11.56,10.61,0.00
2016-03-30 오전 10:02:13 ==> 11.56,10.61,0.00
2016-03-30 오전 10:02:15 ==> 11.56,10.61,0.00
2016-03-30 오전 10:02:16 ==> 11.56,10.61,0.00
2016-03-30 오전 10:02:17 ==> 11.56,10.61,0.00
2016-03-30 오전 10:02:18 ==> 11.56,10.61,0.00
2016-03-30 오전 10:02:20 ==> 11.56,10.61,0.00
2016-03-30 오전 10:02:22 ==> 11.56,10.61,0.00
2016-03-30 오전 10:02:23 ==> 11.56,10.61,0.00
2016-03-30 오전 10:02:24 ==> 11.56,10.61,0.00
2016-03-30 오전 10:02:26 ==> 11.56,10.61,0.00
2016-03-30 오전 10:02:27 ==> 11.56,10.61,0.00
2016-03-30 오전 10:02:29 ==> 11.56,10.61,0.00
2016-03-30 오전 10:02:30 ==> 11.56,10.61,0.00
2016-03-30 오전 10:02:31 ==> 11.56,10.61,0.00
2016-03-30 오전 10:02:32 ==> 11.56,10.61,0.00
2016-03-30 오전 10:02:33 ==> 11.56,10.61,0.00
2016-03-30 오전 10:02:34 ==> 11.56,10.61,0.00
2016-03-30 오전 10:02:35 ==> 11.56,10.61,0.00
2016-03-30 오전 10:02:36 ==> 11.56,10.61,0.00
2016-03-30 오전 10:02:39 ==> 11.56,10.61,0.00
2016-03-30 오전 10:02:42 ==> 11.56,10.61,0.00
2016-03-30 오전 10:02:43 ==> 11.56,10.61,0.00
2016-03-30 오전 10:02:44 ==> 11.56,10.61,0.00
2016-03-30 오전 10:02:45 ==> 11.56,10.61,0.00
2016-03-30 오전 10:02:47 ==> 11.56,10.61,0.00
2016-03-30 오전 10:02:49 ==> 11.56,10.61,0.00
2016-03-30 오전 10:02:50 ==> 11.56,10.61,0.00
2016-03-30 오전 10:02:51 ==> 11.56,10.61,0.00
2016-03-30 오전 10:02:52 ==> 11.56,10.61,0.00
2016-03-30 오전 10:02:53 ==> 11.56,10.61,0.00
2016-03-30 오전 10:02:54 ==> 11.56,10.61,0.00
2016-03-30 오전 10:02:55 ==> 11.56,10.61,0.00
2016-03-30 오전 10:02:56 ==> 11.56,10.61,0.00
2016-03-30 오전 10:02:58 ==> 11.56,10.61,0.00
2016-03-30 오전 10:02:59 ==> 11.56,10.61,0.00
2016-03-30 오전 10:03:00 ==> 11.56,10.61,0.00
2016-03-30 오전 10:03:01 ==> 11.56,10.61,0.00
2016-03-30 오전 10:03:02 ==> 11.56,10.61,0.00
2016-03-30 오전 10:03:03 ==> 11.56,10.61,0.00
2016-03-30 오전 10:03:05 ==> 11.56,10.61,0.00
2016-03-30 오전 10:03:07 ==> 11.56,10.61,0.00
2016-03-30 오전 10:03:08 ==> 11.56,10.61,0.00
2016-03-30 오전 10:03:09 ==> 11.56,10.61,0.00
2016-03-30 오전 10:03:11 ==> 11.56,10.61,0.00
2016-03-30 오전 10:03:12 ==> 11.56,10.61,0.00
2016-03-30 오전 10:03:13 ==> 11.56,10.61,0.00
2016-03-30 오전 10:03:14 ==> 11.56,10.61,0.00
2016-03-30 오전 10:03:15 ==> 11.56,10.61,0.00
2016-03-30 오전 10:03:16 ==> 11.56,10.61,0.00
2016-03-30 오전 10:03:18 ==> 11.56,10.61,0.00
2016-03-30 오전 10:03:19 ==> 11.56,10.61,0.00
2016-03-30 오전 10:03:20 ==> 11.56,10.61,0.00
2016-03-30 오전 10:03:21 ==> 11.56,10.61,0.00
2016-03-30 오전 10:03:22 ==> 11.56,10.61,0.00
2016-03-30 오전 10:03:23 ==> 11.56,10.61,0.00
2016-03-30 오전 10:03:24 ==> 11.56,10.61,0.00
2016-03-30 오전 10:03:25 ==> 11.56,10.61,0.00
2016-03-30 오전 10:03:26 ==> 11.56,10.61,0.00
2016-03-30 오전 10:03:27 ==> 11.56,10.61,0.00
2016-03-30 오전 10:03:28 ==> 11.56,10.61,0.00
2016-03-30 오전 10:03:29 ==> 11.56,10.61,0.00
2016-03-30 오전 10:03:30 ==> 11.56,10.61,0.00
2016-03-30 오전 10:03:31 ==> 11.56,10.61,0.00
2016-03-30 오전 10:03:33 ==> 11.56,10.61,0.00
2016-03-30 오전 10:03:34 ==> 11.56,10.61,0.00
2016-03-30 오전 10:03:35 ==> 11.56,10.61,0.00
2016-03-30 오전 10:03:36 ==> 11.56,10.61,0.00
2016-03-30 오전 10:03:37 ==> 11.56,10.61,0.00
2016-03-30 오전 10:03:38 ==> 11.56,10.61,0.00
2016-03-30 오전 10:03:39 ==> 11.56,10.61,0.00
2016-03-30 오전 10:03:40 ==> 11.56,10.61,0.00
2016-03-30 오전 10:03:42 ==> 11.56,10.61,0.00
2016-03-30 오전 10:03:44 ==> 11.56,10.61,0.00
2016-03-30 오전 10:03:45 ==> 11.56,10.61,0.00
2016-03-30 오전 10:03:47 ==> 11.56,10.61,0.00
2016-03-30 오전 10:03:48 ==> 11.56,10.61,0.00
2016-03-30 오전 10:03:49 ==> 11.56,10.61,0.00
2016-03-30 오전 10:03:50 ==> 11.56,10.61,0.00
2016-03-30 오전 10:03:52 ==> 11.56,10.61,0.00
2016-03-30 오전 10:03:53 ==> 11.56,10.61,0.00
2016-03-30 오전 10:03:54 ==> 11.56,10.61,0.00
2016-03-30 오전 10:03:55 ==> 11.56,10.61,0.00
2016-03-30 오전 10:03:56 ==> 11.56,10.61,0.00
2016-03-30 오전 10:03:58 ==> 11.56,10.61,0.00
2016-03-30 오전 10:04:01 ==> 11.56,10.61,0.00
2016-03-30 오전 10:04:02 ==> 11.56,10.61,0.00
2016-03-30 오전 10:04:03 ==> 11.56,10.61,0.00
2016-03-30 오전 10:04:04 ==> 11.56,10.61,0.00
2016-03-30 오전 10:04:05 ==> 11.56,10.61,0.00
2016-03-30 오전 10:04:07 ==> 11.56,10.61,0.00
2016-03-30 오전 10:04:08 ==> 11.56,10.61,0.00
2016-03-30 오전 10:04:09 ==> 11.56,10.61,0.00
2016-03-30 오전 10:04:10 ==> 11.56,10.61,0.00
2016-03-30 오전 10:04:11 ==> 11.56,10.61,0.00
2016-03-30 오전 10:04:13 ==> 11.56,10.61,0.00
2016-03-30 오전 10:04:14 ==> 11.56,10.61,0.00
2016-03-30 오전 10:04:15 ==> 11.56,10.61,0.00
2016-03-30 오전 10:04:16 ==> 11.56,10.61,0.00
2016-03-30 오전 10:04:17 ==> 11.56,10.61,0.00
2016-03-30 오전 10:04:18 ==> 11.56,10.61,0.00
2016-03-30 오전 10:04:19 ==> 11.56,10.61,0.00
2016-03-30 오전 10:04:21 ==> 11.56,10.61,0.00
2016-03-30 오전 10:04:22 ==> 11.56,10.61,0.00
2016-03-30 오전 10:04:23 ==> 11.56,10.61,0.00
2016-03-30 오전 10:04:24 ==> 11.56,10.61,0.00
2016-03-30 오전 10:04:26 ==> 11.56,10.61,0.00
2016-03-30 오전 10:04:27 ==> 11.56,10.61,0.00
2016-03-30 오전 10:04:28 ==> 11.56,10.61,0.00
2016-03-30 오전 10:04:29 ==> 11.56,10.61,0.00
2016-03-30 오전 10:04:30 ==> 11.56,10.61,0.00
2016-03-30 오전 10:04:33 ==> 11.56,10.61,0.00
2016-03-30 오전 10:04:34 ==> 11.56,10.61,0.00
2016-03-30 오전 10:04:35 ==> 11.56,10.61,0.00
2016-03-30 오전 10:04:37 ==> 11.56,10.61,0.00
2016-03-30 오전 10:04:38 ==> 11.56,10.61,0.00
2016-03-30 오전 10:04:39 ==> 11.56,10.61,0.00
2016-03-30 오전 10:04:40 ==> 11.56,10.61,0.00
2016-03-30 오전 10:04:42 ==> 11.56,10.61,0.00
2016-03-30 오전 10:04:43 ==> 11.56,10.61,0.00
2016-03-30 오전 10:04:45 ==> 11.56,10.61,0.00
2016-03-30 오전 10:04:46 ==> 11.56,10.61,0.00
2016-03-30 오전 10:04:48 ==> 11.56,10.61,0.00
2016-03-30 오전 10:04:49 ==> 11.56,10.61,0.00
2016-03-30 오전 10:04:50 ==> 11.56,10.61,0.00
2016-03-30 오전 10:04:51 ==> 11.56,10.61,0.00
2016-03-30 오전 10:04:52 ==> 11.56,10.61,0.00
2016-03-30 오전 10:04:53 ==> 11.56,10.61,0.00
2016-03-30 오전 10:04:55 ==> 11.56,10.61,0.00
2016-03-30 오전 10:04:56 ==> 11.56,10.61,0.00
2016-03-30 오전 10:04:57 ==> 11.56,10.61,0.00
2016-03-30 오전 10:04:58 ==> 11.56,10.61,0.00
2016-03-30 오전 10:04:59 ==> 11.56,10.61,0.00
2016-03-30 오전 10:05:00 ==> 11.56,10.61,0.00
2016-03-30 오전 10:05:01 ==> 11.56,10.61,0.00
2016-03-30 오전 10:05:02 ==> 11.56,10.61,0.00
2016-03-30 오전 10:05:03 ==> 11.56,10.61,0.00
2016-03-30 오전 10:05:04 ==> 11.56,10.61,0.00
2016-03-30 오전 10:05:05 ==> 11.56,10.61,0.00
2016-03-30 오전 10:05:06 ==> 11.56,10.61,0.00
2016-03-30 오전 10:05:08 ==> 11.56,10.61,0.00
2016-03-30 오전 10:05:09 ==> 11.56,10.61,0.00
2016-03-30 오전 10:05:10 ==> 11.56,10.61,0.00
2016-03-30 오전 10:05:11 ==> 11.56,10.61,0.00
2016-03-30 오전 10:05:13 ==> 11.56,10.61,0.00
2016-03-30 오전 10:05:14 ==> 11.56,10.61,0.00
2016-03-30 오전 10:05:15 ==> 11.56,10.61,0.00
2016-03-30 오전 10:05:17 ==> 11.56,10.61,0.00
2016-03-30 오전 10:05:18 ==> 11.56,10.61,0.00
2016-03-30 오전 10:05:19 ==> 11.56,10.61,0.00
2016-03-30 오전 10:05:20 ==> 11.56,10.61,0.00
2016-03-30 오전 10:05:21 ==> 11.56,10.61,0.00
2016-03-30 오전 10:05:22 ==> 11.56,10.61,0.00
2016-03-30 오전 10:05:25 ==> 11.56,10.61,0.00
2016-03-30 오전 10:05:31 ==> 11.56,10.61,0.00
2016-03-30 오전 10:05:36 ==> 11.56,10.61,0.00
2016-03-30 오전 10:05:38 ==> 11.56,10.61,0.00
2016-03-30 오전 10:05:39 ==> 11.56,10.61,0.00
2016-03-30 오전 10:05:40 ==> 11.56,10.61,0.00
2016-03-30 오전 10:05:41 ==> 11.56,10.61,0.00
2016-03-30 오전 10:05:42 ==> 11.56,10.61,0.00
2016-03-30 오전 10:05:43 ==> 11.56,10.61,0.00
2016-03-30 오전 10:05:45 ==> 11.56,10.61,0.00
2016-03-30 오전 10:05:46 ==> 11.56,10.61,0.00
2016-03-30 오전 10:05:47 ==> 11.56,10.61,0.00
2016-03-30 오전 10:05:49 ==> 11.56,10.61,0.00
2016-03-30 오전 10:05:50 ==> 11.56,10.61,0.00
2016-03-30 오전 10:05:51 ==> 11.56,10.61,0.00
2016-03-30 오전 10:05:52 ==> 11.56,10.61,0.00
2016-03-30 오전 10:05:53 ==> 11.56,10.61,0.00
2016-03-30 오전 10:05:54 ==> 11.56,10.61,0.00
2016-03-30 오전 10:05:56 ==> 11.56,10.61,0.00
2016-03-30 오전 10:05:57 ==> 11.56,10.61,0.00
2016-03-30 오전 10:05:58 ==> 11.56,10.61,0.00
2016-03-30 오전 10:05:59 ==> 11.56,10.61,0.00
2016-03-30 오전 10:06:01 ==> 11.56,10.61,0.00
2016-03-30 오전 10:06:02 ==> 11.56,10.61,0.00
2016-03-30 오전 10:06:04 ==> 11.56,10.61,0.00
2016-03-30 오전 10:06:05 ==> 11.56,10.61,0.00
2016-03-30 오전 10:06:06 ==> 11.56,10.61,0.00
2016-03-30 오전 10:06:09 ==> 11.56,10.61,0.00
2016-03-30 오전 10:06:10 ==> 11.56,10.61,0.00
2016-03-30 오전 10:06:11 ==> 11.56,10.61,0.00
2016-03-30 오전 10:06:12 ==> 11.56,10.61,0.00
2016-03-30 오전 10:06:13 ==> 11.56,10.61,0.00
2016-03-30 오전 10:06:14 ==> 11.56,10.61,0.00
2016-03-30 오전 10:06:15 ==> 11.56,10.61,0.00
2016-03-30 오전 10:06:16 ==> 11.56,10.61,0.00
2016-03-30 오전 10:06:17 ==> 11.56,10.61,0.00
2016-03-30 오전 10:06:18 ==> 11.56,10.61,0.00
2016-03-30 오전 10:06:19 ==> 11.56,10.61,0.00
2016-03-30 오전 10:06:21 ==> 11.56,10.61,0.00
2016-03-30 오전 10:06:22 ==> 11.56,10.61,0.00
2016-03-30 오전 10:06:23 ==> 11.56,10.61,0.00
2016-03-30 오전 10:06:24 ==> 11.56,10.61,0.00
2016-03-30 오전 10:06:25 ==> 11.56,10.61,0.00
2016-03-30 오전 10:06:27 ==> 11.56,10.61,0.00
2016-03-30 오전 10:06:28 ==> 11.56,10.61,0.00
2016-03-30 오전 10:06:29 ==> 11.56,10.61,0.00
2016-03-30 오전 10:06:30 ==> 11.56,10.61,0.00
2016-03-30 오전 10:06:31 ==> 11.56,10.61,0.00
2016-03-30 오전 10:06:33 ==> 11.56,10.61,0.00
2016-03-30 오전 10:06:34 ==> 11.56,10.61,0.00
2016-03-30 오전 10:06:35 ==> 11.56,10.61,0.00
2016-03-30 오전 10:06:36 ==> 11.56,10.61,0.00
2016-03-30 오전 10:06:37 ==> 11.56,10.61,0.00
2016-03-30 오전 10:06:38 ==> 11.56,10.61,0.00
2016-03-30 오전 10:06:40 ==> 11.56,10.61,0.00
2016-03-30 오전 10:06:41 ==> 11.56,10.61,0.00
2016-03-30 오전 10:06:42 ==> 11.56,10.61,0.00
2016-03-30 오전 10:06:43 ==> 11.56,10.61,0.00
2016-03-30 오전 10:06:44 ==> 11.56,10.61,0.00
2016-03-30 오전 10:06:45 ==> 11.56,10.61,0.00
2016-03-30 오전 10:06:46 ==> 11.56,10.61,0.00
2016-03-30 오전 10:06:47 ==> 11.56,10.61,0.00
2016-03-30 오전 10:06:49 ==> 11.56,10.61,0.00
2016-03-30 오전 10:06:50 ==> 11.56,10.61,0.00
2016-03-30 오전 10:06:51 ==> 11.56,10.61,0.00
2016-03-30 오전 10:06:52 ==> 11.56,10.61,0.00
2016-03-30 오전 10:06:53 ==> 11.56,10.61,0.00
2016-03-30 오전 10:06:54 ==> 11.56,10.61,0.00
2016-03-30 오전 10:06:55 ==> 11.56,10.61,0.00
2016-03-30 오전 10:06:56 ==> 11.56,10.61,0.00
2016-03-30 오전 10:06:57 ==> 11.56,10.61,0.00
2016-03-30 오전 10:06:58 ==> 11.56,10.61,0.00
2016-03-30 오전 10:07:00 ==> 11.56,10.61,0.00
2016-03-30 오전 10:07:01 ==> 11.56,10.61,0.00
2016-03-30 오전 10:07:02 ==> 11.56,10.61,0.00
2016-03-30 오전 10:07:03 ==> 11.56,10.61,0.00
2016-03-30 오전 10:07:04 ==> 11.56,10.61,0.00
2016-03-30 오전 10:07:05 ==> 11.56,10.61,0.00
2016-03-30 오전 10:07:07 ==> 11.56,10.61,0.00
2016-03-30 오전 10:07:09 ==> 11.56,10.61,0.00
2016-03-30 오전 10:07:10 ==> 11.56,10.61,0.00
2016-03-30 오전 10:07:11 ==> 11.56,10.61,0.00
2016-03-30 오전 10:07:13 ==> 11.56,10.61,0.00
2016-03-30 오전 10:07:14 ==> 11.56,10.61,0.00
2016-03-30 오전 10:07:15 ==> 11.56,10.61,0.00
2016-03-30 오전 10:07:17 ==> 11.56,10.61,0.00
2016-03-30 오전 10:07:18 ==> 11.56,10.61,0.00
2016-03-30 오전 10:07:19 ==> 11.56,10.61,0.00
2016-03-30 오전 10:07:20 ==> 11.56,10.61,0.00
2016-03-30 오전 10:07:21 ==> 11.56,10.61,0.00
2016-03-30 오전 10:07:23 ==> 11.56,10.61,0.00
2016-03-30 오전 10:07:24 ==> 11.56,10.61,0.00
2016-03-30 오전 10:07:25 ==> 11.56,10.61,0.00
2016-03-30 오전 10:07:26 ==> 11.56,10.61,0.00
2016-03-30 오전 10:07:27 ==> 11.56,10.61,0.00
2016-03-30 오전 10:07:28 ==> 11.56,10.61,0.00
2016-03-30 오전 10:07:29 ==> 11.56,10.61,0.00
2016-03-30 오전 10:07:31 ==> 11.56,10.61,0.00
2016-03-30 오전 10:07:32 ==> 11.56,10.61,0.00
2016-03-30 오전 10:07:33 ==> 11.56,10.61,0.00
2016-03-30 오전 10:07:34 ==> 11.56,10.61,0.00
2016-03-30 오전 10:07:35 ==> 11.56,10.61,0.00
2016-03-30 오전 10:07:37 ==> 11.56,10.61,0.00
2016-03-30 오전 10:07:38 ==> 11.56,10.61,0.00
2016-03-30 오전 10:07:39 ==> 11.56,10.61,0.00
2016-03-30 오전 10:07:40 ==> 11.56,10.61,0.00
2016-03-30 오전 10:07:41 ==> 11.56,10.61,0.00
2016-03-30 오전 10:07:42 ==> 11.56,10.61,0.00
2016-03-30 오전 10:07:43 ==> 11.56,10.61,0.00
2016-03-30 오전 10:07:45 ==> 11.56,10.61,0.00
2016-03-30 오전 10:07:47 ==> 11.56,10.61,0.00
2016-03-30 오전 10:07:48 ==> 11.56,10.61,0.00
2016-03-30 오전 10:07:50 ==> 11.56,10.61,0.00
2016-03-30 오전 10:07:51 ==> 11.56,10.61,0.00
2016-03-30 오전 10:07:52 ==> 11.56,10.61,0.00
2016-03-30 오전 10:07:53 ==> 11.56,10.61,0.00
2016-03-30 오전 10:07:54 ==> 11.56,10.61,0.00
2016-03-30 오전 10:07:55 ==> 11.56,10.61,0.00
2016-03-30 오전 10:07:57 ==> 11.56,10.61,0.00
2016-03-30 오전 10:07:59 ==> 11.56,10.61,0.00
2016-03-30 오전 10:08:00 ==> 11.56,10.61,0.00
2016-03-30 오전 10:08:02 ==> 11.56,10.61,0.00
2016-03-30 오전 10:08:03 ==> 11.56,10.61,0.00
2016-03-30 오전 10:08:05 ==> 11.56,10.61,0.00
2016-03-30 오전 10:08:06 ==> 11.56,10.61,0.00
2016-03-30 오전 10:08:08 ==> 11.56,10.61,0.00
2016-03-30 오전 10:08:10 ==> 11.56,10.61,0.00
2016-03-30 오전 10:08:11 ==> 11.56,10.61,0.00
2016-03-30 오전 10:08:12 ==> 11.56,10.61,0.00
2016-03-30 오전 10:08:13 ==> 11.56,10.61,0.00
2016-03-30 오전 10:08:14 ==> 11.56,10.61,0.00
2016-03-30 오전 10:08:15 ==> 11.56,10.61,0.00
2016-03-30 오전 10:08:16 ==> 11.56,10.61,0.00
2016-03-30 오전 10:08:17 ==> 11.56,10.61,0.00
2016-03-30 오전 10:08:18 ==> 11.56,10.61,0.00
2016-03-30 오전 10:08:20 ==> 11.56,10.61,0.00
2016-03-30 오전 10:08:21 ==> 11.56,10.61,0.00
2016-03-30 오전 10:08:22 ==> 11.56,10.61,0.00
2016-03-30 오전 10:08:23 ==> 11.56,10.61,0.00
2016-03-30 오전 10:08:24 ==> 11.56,10.61,0.00
2016-03-30 오전 10:08:26 ==> 11.56,10.61,0.00
2016-03-30 오전 10:08:27 ==> 11.56,10.61,0.00
2016-03-30 오전 10:08:28 ==> 11.56,10.61,0.00
2016-03-30 오전 10:08:29 ==> 11.56,10.61,0.00
2016-03-30 오전 10:08:30 ==> 11.56,10.61,0.00
2016-03-30 오전 10:08:31 ==> 11.56,10.61,0.00
2016-03-30 오전 10:08:32 ==> 11.56,10.61,0.00
2016-03-30 오전 10:08:33 ==> 11.56,10.61,0.00
2016-03-30 오전 10:08:34 ==> 11.56,10.61,0.00
2016-03-30 오전 10:08:36 ==> 11.56,10.61,0.00
2016-03-30 오전 10:08:37 ==> 11.56,10.61,0.00
2016-03-30 오전 10:08:38 ==> 11.56,10.61,0.00
2016-03-30 오전 10:08:39 ==> 11.56,10.61,0.00
2016-03-30 오전 10:08:40 ==> 11.56,10.61,0.00
2016-03-30 오전 10:08:41 ==> 11.56,10.61,0.00
2016-03-30 오전 10:08:42 ==> 11.56,10.61,0.00
2016-03-30 오전 10:08:43 ==> 11.56,10.61,0.00
2016-03-30 오전 10:08:45 ==> 11.56,10.61,0.00
2016-03-30 오전 10:08:46 ==> 11.56,10.61,0.00
2016-03-30 오전 10:08:47 ==> 11.56,10.61,0.00
2016-03-30 오전 10:08:48 ==> 11.56,10.61,0.00
2016-03-30 오전 10:08:49 ==> 11.56,10.61,0.00
2016-03-30 오전 10:08:50 ==> 11.56,10.61,0.00
2016-03-30 오전 10:08:51 ==> 11.56,10.61,0.00
2016-03-30 오전 10:08:53 ==> 11.56,10.61,0.00
2016-03-30 오전 10:08:55 ==> 11.56,10.61,0.00
2016-03-30 오전 10:08:56 ==> 11.56,10.61,0.00
2016-03-30 오전 10:08:57 ==> 11.56,10.61,0.00
2016-03-30 오전 10:08:58 ==> 11.56,10.61,0.00
2016-03-30 오전 10:08:59 ==> 11.56,10.61,0.00
2016-03-30 오전 10:09:00 ==> 11.56,10.61,0.00
2016-03-30 오전 10:09:02 ==> 11.56,10.61,0.00
2016-03-30 오전 10:09:03 ==> 11.56,10.61,0.00
2016-03-30 오전 10:09:04 ==> 11.56,10.61,0.00
2016-03-30 오전 10:09:05 ==> 11.56,10.61,0.00
2016-03-30 오전 10:09:07 ==> 11.56,10.61,0.00
2016-03-30 오전 10:09:08 ==> 11.56,10.61,0.00
2016-03-30 오전 10:09:09 ==> 11.56,10.61,0.00
2016-03-30 오전 10:09:10 ==> 11.56,10.61,0.00
2016-03-30 오전 10:09:11 ==> 11.56,10.61,0.00
2016-03-30 오전 10:09:13 ==> 11.56,10.61,0.00
2016-03-30 오전 10:09:14 ==> 11.56,10.61,0.00
2016-03-30 오전 10:09:15 ==> 11.56,10.61,0.00
2016-03-30 오전 10:09:16 ==> 11.56,10.61,0.00
2016-03-30 오전 10:09:18 ==> 11.56,10.61,0.00
2016-03-30 오전 10:09:19 ==> 11.56,10.61,0.00
2016-03-30 오전 10:09:20 ==> 11.56,10.61,0.00
2016-03-30 오전 10:09:21 ==> 11.56,10.61,0.00
2016-03-30 오전 10:09:23 ==> 11.56,10.61,0.00
2016-03-30 오전 10:09:24 ==> 11.56,10.61,0.00
2016-03-30 오전 10:09:25 ==> 11.56,10.61,0.00
2016-03-30 오전 10:09:26 ==> 11.56,10.61,0.00
2016-03-30 오전 10:09:27 ==> 11.56,10.61,0.00
2016-03-30 오전 10:09:29 ==> 11.56,10.61,0.00
2016-03-30 오전 10:09:30 ==> 11.56,10.61,0.00
2016-03-30 오전 10:09:31 ==> 11.56,10.61,0.00
2016-03-30 오전 10:09:32 ==> 11.56,10.61,0.00
2016-03-30 오전 10:09:34 ==> 11.56,10.61,0.00
2016-03-30 오전 10:09:35 ==> 11.56,10.61,0.00
2016-03-30 오전 10:09:36 ==> 11.56,10.61,0.00
2016-03-30 오전 10:09:38 ==> 11.56,10.61,0.00
2016-03-30 오전 10:09:39 ==> 11.56,10.61,0.00
2016-03-30 오전 10:09:40 ==> 11.56,10.61,0.00
2016-03-30 오전 10:09:41 ==> 11.56,10.61,0.00
2016-03-30 오전 10:09:42 ==> 11.56,10.61,0.00
2016-03-30 오전 10:09:43 ==> 11.56,10.61,0.00
2016-03-30 오전 10:09:45 ==> 11.56,10.61,0.00
2016-03-30 오전 10:09:46 ==> 11.56,10.61,0.00
2016-03-30 오전 10:09:47 ==> 11.56,10.61,0.00
2016-03-30 오전 10:09:48 ==> 11.56,10.61,0.00
2016-03-30 오전 10:09:49 ==> 11.56,10.61,0.00
2016-03-30 오전 10:09:50 ==> 11.56,10.61,0.00
2016-03-30 오전 10:09:52 ==> 11.56,10.61,0.00
2016-03-30 오전 10:09:53 ==> 11.56,10.61,0.00
2016-03-30 오전 10:09:54 ==> 11.56,10.61,0.00
2016-03-30 오전 10:09:56 ==> 11.56,10.61,0.00
2016-03-30 오전 10:09:57 ==> 11.56,10.61,0.00
2016-03-30 오전 10:09:59 ==> 11.56,10.61,0.00
2016-03-30 오전 10:10:00 ==> 11.56,10.61,0.00
2016-03-30 오전 10:10:01 ==> 11.56,10.61,0.00
2016-03-30 오전 10:10:02 ==> 11.56,10.61,0.00
2016-03-30 오전 10:10:03 ==> 11.56,10.61,0.00
2016-03-30 오전 10:10:04 ==> 11.56,10.61,0.00
2016-03-30 오전 10:10:05 ==> 11.56,10.61,0.00
2016-03-30 오전 10:10:07 ==> 11.56,10.61,0.00
2016-03-30 오전 10:10:09 ==> 11.56,10.61,0.00
2016-03-30 오전 10:10:10 ==> 11.56,10.61,0.00
2016-03-30 오전 10:10:11 ==> 11.56,10.61,0.00
2016-03-30 오전 10:10:12 ==> 11.56,10.61,0.00
2016-03-30 오전 10:10:13 ==> 11.56,10.61,0.00
2016-03-30 오전 10:10:14 ==> 11.56,10.61,0.00
2016-03-30 오전 10:10:15 ==> 11.56,10.61,0.00
2016-03-30 오전 10:10:17 ==> 11.56,10.61,0.00
2016-03-30 오전 10:10:18 ==> 11.56,10.61,0.00
2016-03-30 오전 10:10:19 ==> 11.56,10.61,0.00
2016-03-30 오전 10:10:20 ==> 11.56,10.61,0.00
2016-03-30 오전 10:10:21 ==> 11.56,10.61,0.00
2016-03-30 오전 10:10:23 ==> 11.56,10.61,0.00
2016-03-30 오전 10:10:24 ==> 11.56,10.61,0.00
2016-03-30 오전 10:10:25 ==> 11.56,10.61,0.00
2016-03-30 오전 10:10:26 ==> 11.56,10.61,0.00
2016-03-30 오전 10:10:27 ==> 11.56,10.61,0.00
2016-03-30 오전 10:10:28 ==> 11.56,10.61,0.00
2016-03-30 오전 10:10:30 ==> 11.56,10.61,0.00
2016-03-30 오전 10:10:31 ==> 11.56,10.61,0.00
2016-03-30 오전 10:10:32 ==> 11.56,10.61,0.00
2016-03-30 오전 10:10:33 ==> 11.56,10.61,0.00
2016-03-30 오전 10:10:34 ==> 11.56,10.61,0.00
2016-03-30 오전 10:10:35 ==> 11.56,10.61,0.00
2016-03-30 오전 10:10:37 ==> 11.56,10.61,0.00
2016-03-30 오전 10:10:39 ==> 11.56,10.61,0.00
2016-03-30 오전 10:10:40 ==> 11.56,10.61,0.00
2016-03-30 오전 10:10:42 ==> 11.56,10.61,0.00
2016-03-30 오전 10:10:43 ==> 11.56,10.61,0.00
2016-03-30 오전 10:10:45 ==> 11.56,10.61,0.00
2016-03-30 오전 10:10:46 ==> 11.56,10.61,0.00
2016-03-30 오전 10:10:47 ==> 11.56,10.61,0.00
2016-03-30 오전 10:10:48 ==> 11.56,10.61,0.00
2016-03-30 오전 10:10:49 ==> 11.56,10.61,0.00
2016-03-30 오전 10:10:50 ==> 11.56,10.61,0.00
2016-03-30 오전 10:10:52 ==> 11.56,10.61,0.00
2016-03-30 오전 10:10:54 ==> 11.56,10.61,0.00
2016-03-30 오전 10:10:55 ==> 11.56,10.61,0.00
2016-03-30 오전 10:10:56 ==> 11.56,10.61,0.00
2016-03-30 오전 10:10:57 ==> 11.56,10.61,0.00
2016-03-30 오전 10:10:59 ==> 11.56,10.61,0.00
2016-03-30 오전 10:11:00 ==> 11.56,10.61,0.00
2016-03-30 오전 10:11:01 ==> 11.56,10.61,0.00
2016-03-30 오전 10:11:02 ==> 11.56,10.61,0.00
2016-03-30 오전 10:11:03 ==> 11.56,10.61,0.00
2016-03-30 오전 10:11:04 ==> 11.56,10.61,0.00
2016-03-30 오전 10:11:06 ==> 11.56,10.61,0.00
2016-03-30 오전 10:11:07 ==> 11.56,10.61,0.00
2016-03-30 오전 10:11:08 ==> 11.56,10.61,0.00
2016-03-30 오전 10:11:10 ==> 11.56,10.61,0.00
2016-03-30 오전 10:11:11 ==> 11.56,10.61,0.00
2016-03-30 오전 10:11:12 ==> 11.56,10.61,0.00
2016-03-30 오전 10:11:13 ==> 11.56,10.61,0.00
2016-03-30 오전 10:11:14 ==> 11.56,10.61,0.00
2016-03-30 오전 10:11:15 ==> 11.56,10.61,0.00
2016-03-30 오전 10:11:16 ==> 11.56,10.61,0.00
2016-03-30 오전 10:11:17 ==> 11.56,10.61,0.00
2016-03-30 오전 10:11:18 ==> 11.56,10.61,0.00
2016-03-30 오전 10:11:19 ==> 11.56,10.61,0.00
2016-03-30 오전 10:11:21 ==> 11.56,10.61,0.00
2016-03-30 오전 10:11:22 ==> 11.56,10.61,0.00
2016-03-30 오전 10:11:24 ==> 11.56,10.61,0.00
2016-03-30 오전 10:11:25 ==> 11.56,10.61,0.00
2016-03-30 오전 10:11:26 ==> 11.56,10.61,0.00
2016-03-30 오전 10:11:27 ==> 11.56,10.61,0.00
2016-03-30 오전 10:11:28 ==> 11.56,10.61,0.00
2016-03-30 오전 10:11:30 ==> 11.56,10.61,0.00
2016-03-30 오전 10:11:31 ==> 11.56,10.61,0.00
2016-03-30 오전 10:11:32 ==> 11.56,10.61,0.00
2016-03-30 오전 10:11:33 ==> 11.56,10.61,0.00
2016-03-30 오전 10:11:35 ==> 11.56,10.61,0.00
2016-03-30 오전 10:11:36 ==> 11.56,10.61,0.00
2016-03-30 오전 10:11:37 ==> 11.56,10.61,0.00
2016-03-30 오전 10:11:38 ==> 11.56,10.61,0.00
2016-03-30 오전 10:11:39 ==> 11.56,10.61,0.00
2016-03-30 오전 10:11:40 ==> 11.56,10.61,0.00
2016-03-30 오전 10:11:41 ==> 11.56,10.61,0.00
2016-03-30 오전 10:11:43 ==> 11.56,10.61,0.00
2016-03-30 오전 10:11:44 ==> 11.56,10.61,0.00
2016-03-30 오전 10:11:46 ==> 11.56,10.61,0.00
2016-03-30 오전 10:11:47 ==> 11.56,10.61,0.00
2016-03-30 오전 10:11:49 ==> 11.56,10.61,0.00
2016-03-30 오전 10:11:50 ==> 11.56,10.61,0.00
2016-03-30 오전 10:11:51 ==> 11.56,10.61,0.00
2016-03-30 오전 10:11:52 ==> 11.56,10.61,0.00
2016-03-30 오전 10:11:54 ==> 11.56,10.61,0.00
2016-03-30 오전 10:11:55 ==> 11.56,10.61,0.00
2016-03-30 오전 10:11:56 ==> 11.56,10.61,0.00
2016-03-30 오전 10:11:57 ==> 11.56,10.61,0.00
2016-03-30 오전 10:11:58 ==> 11.56,10.61,0.00
2016-03-30 오전 10:11:59 ==> 11.56,10.61,0.00
2016-03-30 오전 10:12:02 ==> 11.56,10.61,0.00
2016-03-30 오전 10:12:03 ==> 11.56,10.61,0.00
2016-03-30 오전 10:12:04 ==> 11.56,10.61,0.00
2016-03-30 오전 10:12:05 ==> 11.56,10.61,0.00
2016-03-30 오전 10:12:06 ==> 11.56,10.61,0.00
2016-03-30 오전 10:12:07 ==> 11.56,10.61,0.00
2016-03-30 오전 10:12:08 ==> 11.56,10.61,0.00
2016-03-30 오전 10:12:09 ==> 11.56,10.61,0.00
2016-03-30 오전 10:12:10 ==> 11.56,10.61,0.00
2016-03-30 오전 10:12:11 ==> 11.56,10.61,0.00
2016-03-30 오전 10:12:13 ==> 11.56,10.61,0.00
2016-03-30 오전 10:12:14 ==> 11.56,10.61,0.00
2016-03-30 오전 10:12:15 ==> 11.56,10.61,0.00
2016-03-30 오전 10:12:16 ==> 11.56,10.61,0.00
2016-03-30 오전 10:12:17 ==> 11.56,10.61,0.00
2016-03-30 오전 10:12:19 ==> 11.56,10.61,0.00
2016-03-30 오전 10:12:20 ==> 11.56,10.61,0.00
2016-03-30 오전 10:12:21 ==> 11.56,10.61,0.00
2016-03-30 오전 10:12:23 ==> 11.56,10.61,0.00
2016-03-30 오전 10:12:24 ==> 11.56,10.61,0.00
2016-03-30 오전 10:12:25 ==> 11.56,10.61,0.00
2016-03-30 오전 10:12:26 ==> 11.56,10.61,0.00
2016-03-30 오전 10:12:28 ==> 11.56,10.61,0.00
2016-03-30 오전 10:12:29 ==> 11.56,10.61,0.00
2016-03-30 오전 10:12:30 ==> 11.56,10.61,0.00
2016-03-30 오전 10:12:31 ==> 11.56,10.61,0.00
2016-03-30 오전 10:12:33 ==> 11.56,10.61,0.00
2016-03-30 오전 10:12:35 ==> 11.56,10.61,0.00
2016-03-30 오전 10:12:36 ==> 11.56,10.61,0.00
2016-03-30 오전 10:12:37 ==> 11.56,10.61,0.00
2016-03-30 오전 10:12:38 ==> 11.56,10.61,0.00
2016-03-30 오전 10:12:39 ==> 11.56,10.61,0.00
2016-03-30 오전 10:12:40 ==> 11.56,10.61,0.00
2016-03-30 오전 10:12:41 ==> 11.56,10.61,0.00
2016-03-30 오전 10:12:42 ==> 11.56,10.61,0.00
2016-03-30 오전 10:12:43 ==> 11.56,10.61,0.00
2016-03-30 오전 10:12:44 ==> 11.56,10.61,0.00
2016-03-30 오전 10:12:46 ==> 11.56,10.61,0.00
2016-03-30 오전 10:12:47 ==> 11.56,10.61,0.00
2016-03-30 오전 10:12:48 ==> 11.56,10.61,0.00
2016-03-30 오전 10:12:49 ==> 11.56,10.61,0.00
2016-03-30 오전 10:12:52 ==> 11.56,10.61,0.00
2016-03-30 오전 10:12:53 ==> 11.56,10.61,0.00
2016-03-30 오전 10:12:55 ==> 11.56,10.61,0.00
2016-03-30 오전 10:12:56 ==> 11.58,10.61,0.00
2016-03-30 오전 10:12:57 ==> 11.68,10.61,-1.00
2016-03-30 오전 10:12:59 ==> 11.84,10.61,0.00
2016-03-30 오전 10:13:00 ==> 12.28,10.61,0.00
2016-03-30 오전 10:13:02 ==> 12.60,10.61,0.00
2016-03-30 오전 10:13:03 ==> 13.12,10.61,0.00
2016-03-30 오전 10:13:05 ==> 13.89,10.61,0.00
2016-03-30 오전 10:13:07 ==> 14.74,10.61,-1.00
2016-03-30 오전 10:13:08 ==> 15.00,10.61,0.00
2016-03-30 오전 10:13:09 ==> 16.49,10.61,0.00
2016-03-30 오전 10:13:10 ==> 17.40,10.64,1.00
2016-03-30 오전 10:13:12 ==> 18.06,10.64,0.00
2016-03-30 오전 10:13:13 ==> 18.87,10.97,0.00
2016-03-30 오전 10:13:15 ==> 20.09,10.97,1.00
2016-03-30 오전 10:13:16 ==> 20.77,11.49,0.00
2016-03-30 오전 10:13:17 ==> 21.46,11.49,0.00
2016-03-30 오전 10:13:18 ==> 22.14,11.88,0.00
2016-03-30 오전 10:13:19 ==> 22.82,11.88,0.00
2016-03-30 오전 10:13:20 ==> 23.51,12.41,0.00
2016-03-30 오전 10:13:21 ==> 24.20,12.41,0.00
2016-03-30 오전 10:13:22 ==> 25.17,13.04,0.00
2016-03-30 오전 10:13:23 ==> 25.86,13.04,0.00
2016-03-30 오전 10:13:25 ==> 26.56,13.60,0.00
2016-03-30 오전 10:13:26 ==> 27.82,13.60,0.00
2016-03-30 오전 10:13:28 ==> 28.52,14.12,0.00
2016-03-30 오전 10:13:29 ==> 29.51,14.12,0.00
2016-03-30 오전 10:13:30 ==> 30.51,14.23,0.00
2016-03-30 오전 10:13:32 ==> 31.51,14.23,0.00
2016-03-30 오전 10:13:34 ==> 32.51,14.23,0.00
2016-03-30 오전 10:13:35 ==> 34.08,14.23,0.10
2016-03-30 오전 10:13:36 ==> 34.80,14.53,0.10
2016-03-30 오전 10:13:38 ==> 35.49,14.53,1.10
2016-03-30 오전 10:13:39 ==> 36.64,14.73,0.90
2016-03-30 오전 10:13:41 ==> 37.35,14.73,0.10
2016-03-30 오전 10:13:42 ==> 38.12,14.73,1.10
2016-03-30 오전 10:13:43 ==> 38.81,14.73,0.10
2016-03-30 오전 10:13:44 ==> 39.25,14.69,1.10
2016-03-30 오전 10:13:45 ==> 39.81,14.69,0.10
2016-03-30 오전 10:13:47 ==> 40.16,14.69,0.10
2016-03-30 오전 10:13:48 ==> 40.64,14.69,1.10
2016-03-30 오전 10:13:49 ==> 40.89,14.69,0.00
2016-03-30 오전 10:13:50 ==> 41.12,14.69,0.10
2016-03-30 오전 10:13:52 ==> 41.31,14.69,0.10
2016-03-30 오전 10:13:54 ==> 41.61,14.69,0.10
2016-03-30 오전 10:13:55 ==> 41.92,14.69,0.10
2016-03-30 오전 10:13:56 ==> 42.00,14.69,0.10
2016-03-30 오전 10:13:57 ==> 42.08,14.69,0.10
2016-03-30 오전 10:13:58 ==> 42.15,14.69,0.10
2016-03-30 오전 10:13:59 ==> 42.17,14.69,1.10
2016-03-30 오전 10:14:01 ==> 42.16,14.69,-0.90
2016-03-30 오전 10:14:02 ==> 42.16,14.69,0.10
2016-03-30 오전 10:14:03 ==> 42.16,14.69,1.10
2016-03-30 오전 10:14:04 ==> 42.16,14.69,0.10
2016-03-30 오전 10:14:05 ==> 42.16,14.69,0.10
2016-03-30 오전 10:14:06 ==> 42.16,14.83,0.10
2016-03-30 오전 10:14:07 ==> 42.16,14.83,0.10
2016-03-30 오전 10:14:09 ==> 42.16,14.83,0.10
2016-03-30 오전 10:14:10 ==> 42.16,14.83,0.10
2016-03-30 오전 10:14:11 ==> 42.16,14.83,0.10
2016-03-30 오전 10:14:12 ==> 42.16,14.83,0.10
2016-03-30 오전 10:14:14 ==> 42.16,14.83,1.10
2016-03-30 오전 10:14:15 ==> 42.13,14.83,0.10
2016-03-30 오전 10:14:16 ==> 42.04,14.87,0.10
2016-03-30 오전 10:14:17 ==> 41.97,14.87,0.10
2016-03-30 오전 10:14:19 ==> 41.93,14.86,1.10
2016-03-30 오전 10:14:20 ==> 41.90,14.86,-0.80
2016-03-30 오전 10:14:22 ==> 41.90,14.87,0.10
2016-03-30 오전 10:14:23 ==> 41.90,14.87,1.10
2016-03-30 오전 10:14:24 ==> 41.90,14.86,-0.90
2016-03-30 오전 10:14:25 ==> 41.90,14.86,0.20
2016-03-30 오전 10:14:27 ==> 41.90,14.77,1.20
2016-03-30 오전 10:14:28 ==> 41.85,14.77,0.20
2016-03-30 오전 10:14:29 ==> 41.82,14.77,-0.80
2016-03-30 오전 10:14:31 ==> 41.75,14.77,1.20
2016-03-30 오전 10:14:32 ==> 41.58,14.77,-0.90
2016-03-30 오전 10:14:33 ==> 41.39,14.77,1.10
2016-03-30 오전 10:14:34 ==> 41.12,14.77,0.10
2016-03-30 오전 10:14:35 ==> 40.92,14.77,-0.80
2016-03-30 오전 10:14:37 ==> 40.72,14.77,0.10
2016-03-30 오전 10:14:38 ==> 40.24,14.77,0.10
2016-03-30 오전 10:14:39 ==> 40.06,14.77,0.10
2016-03-30 오전 10:14:41 ==> 39.90,14.77,1.10
2016-03-30 오전 10:14:43 ==> 39.71,14.71,0.10
2016-03-30 오전 10:14:44 ==> 39.46,14.71,-0.90
2016-03-30 오전 10:14:45 ==> 39.32,14.71,1.10
2016-03-30 오전 10:14:46 ==> 39.26,14.71,0.10
2016-03-30 오전 10:14:47 ==> 39.22,14.71,0.10
2016-03-30 오전 10:14:48 ==> 39.09,14.71,1.10
2016-03-30 오전 10:14:50 ==> 38.98,14.71,-0.90
2016-03-30 오전 10:14:52 ==> 38.83,14.71,1.10
2016-03-30 오전 10:14:53 ==> 38.58,14.72,0.10
2016-03-30 오전 10:14:54 ==> 38.40,14.72,-0.90
2016-03-30 오전 10:14:55 ==> 38.18,14.71,1.10
2016-03-30 오전 10:14:56 ==> 37.98,14.71,102.00
2016-03-30 오전 10:14:57 ==> 37.81,14.44,-0.90
2016-03-30 오전 10:14:59 ==> 37.67,14.44,0.10
2016-03-30 오전 10:15:00 ==> 37.55,13.85,1.10
2016-03-30 오전 10:15:01 ==> 37.47,13.85,0.10
2016-03-30 오전 10:15:02 ==> 37.43,13.22,-0.90
2016-03-30 오전 10:15:03 ==> 37.42,13.22,0.10
2016-03-30 오전 10:15:04 ==> 37.33,12.80,1.10
2016-03-30 오전 10:15:05 ==> 37.06,12.80,-0.90
2016-03-30 오전 10:15:06 ==> 36.79,12.63,0.10
2016-03-30 오전 10:15:08 ==> 36.45,12.63,1.10
2016-03-30 오전 10:15:09 ==> 35.57,12.37,0.10
2016-03-30 오전 10:15:11 ==> 35.11,12.37,0.00
2016-03-30 오전 10:15:12 ==> 34.54,12.34,0.00
2016-03-30 오전 10:15:13 ==> 33.95,12.34,-1.00
2016-03-30 오전 10:15:15 ==> 33.33,12.31,0.00
2016-03-30 오전 10:15:16 ==> 32.37,12.31,0.00
2016-03-30 오전 10:15:17 ==> 31.72,11.82,0.10
2016-03-30 오전 10:15:19 ==> 31.13,11.82,0.00
2016-03-30 오전 10:15:20 ==> 30.24,11.47,0.00
2016-03-30 오전 10:15:21 ==> 28.97,11.47,0.00
2016-03-30 오전 10:15:22 ==> 28.20,11.54,1.00
2016-03-30 오전 10:15:24 ==> 27.58,11.54,0.00
2016-03-30 오전 10:15:25 ==> 26.48,11.53,-1.00
2016-03-30 오전 10:15:26 ==> 25.53,11.53,1.00
2016-03-30 오전 10:15:28 ==> 24.59,11.40,0.00
2016-03-30 오전 10:15:29 ==> 23.06,11.40,0.00
2016-03-30 오전 10:15:30 ==> 22.33,11.41,0.00
2016-03-30 오전 10:15:31 ==> 21.52,11.41,0.00
2016-03-30 오전 10:15:32 ==> 20.98,11.40,130.00
2016-03-30 오전 10:15:33 ==> 20.31,11.40,0.00
2016-03-30 오전 10:15:35 ==> 19.52,11.43,0.00
2016-03-30 오전 10:15:36 ==> 18.87,11.43,0.00
2016-03-30 오전 10:15:37 ==> 18.13,11.69,0.00
2016-03-30 오전 10:15:38 ==> 17.21,11.69,0.00
2016-03-30 오전 10:15:39 ==> 16.67,12.39,0.10
2016-03-30 오전 10:15:41 ==> 16.12,12.39,1.00
2016-03-30 오전 10:15:43 ==> 15.35,13.18,0.00
2016-03-30 오전 10:15:44 ==> 14.42,13.18,1.10
2016-03-30 오전 10:15:45 ==> 13.94,14.12,17.10
2016-03-30 오전 10:15:46 ==> 13.48,14.12,-0.90
2016-03-30 오전 10:15:47 ==> 12.98,14.59,0.10
2016-03-30 오전 10:15:48 ==> 12.58,14.59,1.10
2016-03-30 오전 10:15:50 ==> 12.09,15.02,0.10
2016-03-30 오전 10:15:51 ==> 11.78,15.02,0.10
2016-03-30 오전 10:15:52 ==> 11.50,15.15,1.10
2016-03-30 오전 10:15:53 ==> 11.10,15.15,1.10
2016-03-30 오전 10:15:54 ==> 10.69,15.16,-0.90
2016-03-30 오전 10:15:55 ==> 10.40,15.16,0.10
2016-03-30 오전 10:15:59 ==> 10.07,15.21,1.10
2016-03-30 오전 10:16:00 ==> 9.07,15.21,1.10
2016-03-30 오전 10:16:01 ==> 8.62,15.40,0.10
2016-03-30 오전 10:16:02 ==> 8.30,15.40,0.10
2016-03-30 오전 10:16:03 ==> 7.97,15.40,0.10
2016-03-30 오전 10:16:05 ==> 7.65,15.40,1.10
2016-03-30 오전 10:16:06 ==> 7.16,15.50,-0.90
2016-03-30 오전 10:16:08 ==> 6.85,15.50,0.10
2016-03-30 오전 10:16:09 ==> 6.33,15.46,0.10
2016-03-30 오전 10:16:10 ==> 6.22,15.46,0.10
2016-03-30 오전 10:16:11 ==> 6.15,15.46,1.10
2016-03-30 오전 10:16:13 ==> 6.14,15.46,1.10
2016-03-30 오전 10:16:14 ==> 6.14,15.52,-0.90
2016-03-30 오전 10:16:15 ==> 6.14,15.52,0.10
2016-03-30 오전 10:16:16 ==> 6.14,15.53,18.70
2016-03-30 오전 10:16:17 ==> 6.14,15.53,0.10
2016-03-30 오전 10:16:19 ==> 6.14,15.52,-1.00
2016-03-30 오전 10:16:20 ==> 6.11,15.52,1.00
2016-03-30 오전 10:16:21 ==> 6.07,15.53,0.00
2016-03-30 오전 10:16:23 ==> 6.07,15.53,0.00
2016-03-30 오전 10:16:24 ==> 6.07,15.53,1.10
2016-03-30 오전 10:16:25 ==> 6.07,15.53,0.10
2016-03-30 오전 10:16:27 ==> 6.07,15.53,0.10
2016-03-30 오전 10:16:29 ==> 6.07,15.53,0.70
2016-03-30 오전 10:16:30 ==> 6.00,15.53,9.80
2016-03-30 오전 10:16:31 ==> 5.99,15.53,2.90
2016-03-30 오전 10:16:33 ==> 5.99,15.56,6.20
2016-03-30 오전 10:16:34 ==> 5.99,15.56,6.70
2016-03-30 오전 10:16:35 ==> 5.99,15.53,6.70
2016-03-30 오전 10:16:37 ==> 5.96,15.53,7.60
2016-03-30 오전 10:16:38 ==> 5.95,15.50,116.70
2016-03-30 오전 10:16:40 ==> 5.93,15.50,7.80
2016-03-30 오전 10:16:42 ==> 5.91,15.50,5.80
2016-03-30 오전 10:16:43 ==> 5.91,15.50,8.00
2016-03-30 오전 10:16:44 ==> 5.91,15.50,7.00
2016-03-30 오전 10:16:45 ==> 5.91,15.50,7.10
2016-03-30 오전 10:16:46 ==> 5.91,15.56,7.00
2016-03-30 오전 10:16:47 ==> 5.91,15.56,7.00
2016-03-30 오전 10:16:49 ==> 5.91,15.69,7.00
2016-03-30 오전 10:16:50 ==> 6.06,15.69,6.00
2016-03-30 오전 10:16:51 ==> 6.25,16.01,7.00
2016-03-30 오전 10:16:53 ==> 6.51,16.01,8.10
2016-03-30 오전 10:16:54 ==> 6.97,16.04,13.50
2016-03-30 오전 10:16:56 ==> 7.51,16.04,8.10
2016-03-30 오전 10:16:57 ==> 8.12,16.00,7.10
2016-03-30 오전 10:16:58 ==> 8.78,16.00,7.10
2016-03-30 오전 10:16:59 ==> 9.18,16.00,7.10
2016-03-30 오전 10:17:00 ==> 9.88,16.00,7.10
2016-03-30 오전 10:17:01 ==> 10.40,16.00,7.10
2016-03-30 오전 10:17:02 ==> 10.91,16.00,7.10
2016-03-30 오전 10:17:04 ==> 11.55,15.96,7.10
2016-03-30 오전 10:17:05 ==> 12.09,15.96,7.10
2016-03-30 오전 10:17:06 ==> 12.63,15.63,8.10
2016-03-30 오전 10:17:07 ==> 13.13,15.63,8.10
2016-03-30 오전 10:17:08 ==> 13.55,15.17,7.30
2016-03-30 오전 10:17:09 ==> 13.93,15.17,0.00
2016-03-30 오전 10:17:10 ==> 14.12,14.56,77.10
2016-03-30 오전 10:17:11 ==> 14.29,14.56,0.61
2016-03-30 오전 10:17:12 ==> 14.32,13.92,8.10
2016-03-30 오전 10:17:14 ==> 14.31,13.92,6.10
2016-03-30 오전 10:17:15 ==> 14.30,13.54,120.40
2016-03-30 오전 10:17:16 ==> 14.30,13.54,7.20
2016-03-30 오전 10:17:17 ==> 14.30,13.54,6.20
2016-03-30 오전 10:17:19 ==> 14.30,13.54,7.20
2016-03-30 오전 10:17:20 ==> 14.29,13.54,8.10
2016-03-30 오전 10:17:21 ==> 14.23,13.54,7.10
2016-03-30 오전 10:17:22 ==> 14.18,13.50,6.10
2016-03-30 오전 10:17:23 ==> 14.11,13.50,8.20
2016-03-30 오전 10:17:24 ==> 14.04,13.38,8.20
2016-03-30 오전 10:17:25 ==> 14.02,13.38,6.20
2016-03-30 오전 10:17:27 ==> 14.02,13.38,8.20
2016-03-30 오전 10:17:28 ==> 14.02,13.38,7.20
2016-03-30 오전 10:17:29 ==> 14.02,13.38,38.10
2016-03-30 오전 10:17:30 ==> 14.02,13.38,38.10
2016-03-30 오전 10:17:31 ==> 14.05,13.38,0.00
2016-03-30 오전 10:17:32 ==> 14.08,13.38,0.00
2016-03-30 오전 10:17:33 ==> 14.07,13.32,7.30
2016-03-30 오전 10:17:34 ==> 14.06,13.32,7.20
2016-03-30 오전 10:17:36 ==> 14.05,13.28,7.20
2016-03-30 오전 10:17:38 ==> 14.05,13.28,7.20
2016-03-30 오전 10:17:39 ==> 14.05,13.27,7.20
2016-03-30 오전 10:17:40 ==> 14.05,13.27,7.20
2016-03-30 오전 10:17:41 ==> 14.05,13.17,7.20
2016-03-30 오전 10:17:42 ==> 14.05,13.17,7.20
2016-03-30 오전 10:17:43 ==> 14.05,13.17,7.20
2016-03-30 오전 10:17:44 ==> 14.05,13.17,7.20
2016-03-30 오전 10:17:46 ==> 14.05,13.17,7.20
2016-03-30 오전 10:17:47 ==> 14.05,13.17,7.20
2016-03-30 오전 10:17:48 ==> 14.05,13.17,7.20
2016-03-30 오전 10:17:49 ==> 14.05,13.17,7.20
2016-03-30 오전 10:17:51 ==> 14.05,13.17,7.20
2016-03-30 오전 10:17:52 ==> 14.05,13.17,7.20
2016-03-30 오전 10:17:53 ==> 14.05,13.17,7.20
2016-03-30 오전 10:17:54 ==> 14.05,13.17,7.30
2016-03-30 오전 10:17:55 ==> 14.05,13.12,7.20
2016-03-30 오전 10:17:56 ==> 14.05,13.12,7.20
2016-03-30 오전 10:17:57 ==> 14.05,13.05,7.30
2016-03-30 오전 10:17:59 ==> 14.05,13.05,7.20
2016-03-30 오전 10:18:01 ==> 14.05,13.02,7.10
2016-03-30 오전 10:18:03 ==> 14.05,13.02,7.10
2016-03-30 오전 10:18:04 ==> 14.05,13.02,1.90
2016-03-30 오전 10:18:05 ==> 14.05,13.02,0.80
2016-03-30 오전 10:18:06 ==> 14.05,13.02,0.60
2016-03-30 오전 10:18:07 ==> 14.05,13.02,130.60
2016-03-30 오전 10:18:08 ==> 14.05,13.02,-7.00
2016-03-30 오전 10:18:10 ==> 14.05,13.02,7.10
2016-03-30 오전 10:18:11 ==> 14.05,13.02,113.20
2016-03-30 오전 10:18:12 ==> 14.05,13.02,7.10
2016-03-30 오전 10:18:13 ==> 14.05,13.02,7.20
2016-03-30 오전 10:18:14 ==> 14.05,13.02,7.10
2016-03-30 오전 10:18:15 ==> 14.05,13.02,7.10
2016-03-30 오전 10:18:17 ==> 14.05,13.02,7.10
2016-03-30 오전 10:18:18 ==> 14.05,13.02,7.10
2016-03-30 오전 10:18:19 ==> 14.05,13.02,7.10
2016-03-30 오전 10:18:21 ==> 14.05,13.02,7.10
2016-03-30 오전 10:18:22 ==> 14.05,13.02,7.20
2016-03-30 오전 10:18:23 ==> 14.05,13.02,5.40
2016-03-30 오전 10:18:24 ==> 14.05,13.02,4.40
2016-03-30 오전 10:18:25 ==> 14.05,13.02,4.40
2016-03-30 오전 10:18:27 ==> 14.05,13.02,4.40
2016-03-30 오전 10:18:28 ==> 14.05,13.02,7.00
2016-03-30 오전 10:18:30 ==> 14.05,13.02,7.10
2016-03-30 오전 10:18:31 ==> 14.05,13.02,7.10
2016-03-30 오전 10:18:33 ==> 14.05,13.02,7.10
2016-03-30 오전 10:18:34 ==> 14.05,13.02,0.80
2016-03-30 오전 10:18:36 ==> 14.05,13.02,0.40
2016-03-30 오전 10:18:37 ==> 14.05,13.02,0.40
2016-03-30 오전 10:18:38 ==> 14.05,13.02,0.30
2016-03-30 오전 10:18:39 ==> 14.05,13.02,0.30
2016-03-30 오전 10:18:40 ==> 14.04,13.02,0.30
2016-03-30 오전 10:18:41 ==> 14.05,13.02,0.30
2016-03-30 오전 10:18:43 ==> 14.05,13.02,0.30
2016-03-30 오전 10:18:44 ==> 14.05,13.02,0.30
2016-03-30 오전 10:18:45 ==> 14.05,13.02,0.30
2016-03-30 오전 10:18:46 ==> 14.05,13.02,0.20
2016-03-30 오전 10:18:47 ==> 14.05,13.02,0.30
2016-03-30 오전 10:18:49 ==> 14.05,13.02,0.30
2016-03-30 오전 10:18:50 ==> 14.05,13.02,0.30
2016-03-30 오전 10:18:51 ==> 14.05,12.94,0.30
2016-03-30 오전 10:18:52 ==> 14.05,12.94,0.20
2016-03-30 오전 10:18:53 ==> 14.05,12.46,0.20
2016-03-30 오전 10:18:55 ==> 14.05,12.46,0.30
2016-03-30 오전 10:18:56 ==> 14.05,11.73,0.30
2016-03-30 오전 10:18:57 ==> 14.05,11.73,0.30
2016-03-30 오전 10:18:58 ==> 14.05,11.35,0.20
2016-03-30 오전 10:18:59 ==> 14.05,11.35,0.20
2016-03-30 오전 10:19:00 ==> 14.05,11.25,0.20
2016-03-30 오전 10:19:02 ==> 14.05,11.25,0.00
2016-03-30 오전 10:19:03 ==> 14.05,11.25,0.20
2016-03-30 오전 10:19:04 ==> 14.05,11.25,0.20
2016-03-30 오전 10:19:05 ==> 14.05,11.25,0.20
2016-03-30 오전 10:19:06 ==> 14.05,11.25,0.20
2016-03-30 오전 10:19:07 ==> 14.18,11.25,0.20
2016-03-30 오전 10:19:08 ==> 14.38,11.25,1.20
2016-03-30 오전 10:19:10 ==> 14.69,11.25,0.20
2016-03-30 오전 10:19:11 ==> 15.79,11.25,1.20
2016-03-30 오전 10:19:12 ==> 16.40,11.60,110.20
2016-03-30 오전 10:19:14 ==> 16.94,11.60,-0.80
2016-03-30 오전 10:19:15 ==> 18.59,11.78,1.20
2016-03-30 오전 10:19:16 ==> 19.37,11.78,0.20
2016-03-30 오전 10:19:17 ==> 20.15,11.78,0.20
2016-03-30 오전 10:19:19 ==> 20.93,11.78,0.10
2016-03-30 오전 10:19:20 ==> 22.03,11.99,0.20
2016-03-30 오전 10:19:21 ==> 23.12,11.99,0.10
2016-03-30 오전 10:19:23 ==> 23.90,12.02,0.10
2016-03-30 오전 10:19:24 ==> 25.00,12.02,0.10
2016-03-30 오전 10:19:25 ==> 25.78,12.02,-0.80
2016-03-30 오전 10:19:26 ==> 26.56,12.02,0.20
2016-03-30 오전 10:19:27 ==> 27.50,12.13,1.20
2016-03-30 오전 10:19:28 ==> 28.29,12.13,0.10
2016-03-30 오전 10:19:29 ==> 29.38,12.59,0.10
2016-03-30 오전 10:19:31 ==> 30.17,12.59,1.10
2016-03-30 오전 10:19:32 ==> 31.27,13.22,0.10
2016-03-30 오전 10:19:33 ==> 32.30,13.22,1.10
2016-03-30 오전 10:19:34 ==> 33.00,13.83,0.10
2016-03-30 오전 10:19:35 ==> 33.66,13.83,0.10
2016-03-30 오전 10:19:37 ==> 34.29,14.25,0.10
2016-03-30 오전 10:19:38 ==> 34.99,14.25,0.10
2016-03-30 오전 10:19:39 ==> 35.77,14.42,0.10
2016-03-30 오전 10:19:40 ==> 36.28,14.42,0.10
2016-03-30 오전 10:19:42 ==> 36.85,14.46,0.10
2016-03-30 오전 10:19:44 ==> 37.33,14.46,0.10
2016-03-30 오전 10:19:45 ==> 37.53,14.46,0.10
2016-03-30 오전 10:19:46 ==> 37.67,14.46,-0.90
2016-03-30 오전 10:19:47 ==> 37.75,14.47,1.10
2016-03-30 오전 10:19:48 ==> 37.71,14.47,0.10
2016-03-30 오전 10:19:49 ==> 37.70,14.46,-0.90
2016-03-30 오전 10:19:50 ==> 37.79,14.46,-0.90
2016-03-30 오전 10:19:51 ==> 38.04,14.47,1.20
2016-03-30 오전 10:19:52 ==> 38.36,14.47,1.10
2016-03-30 오전 10:19:54 ==> 38.65,14.46,1.10
2016-03-30 오전 10:19:55 ==> 39.01,14.46,-0.90
2016-03-30 오전 10:19:56 ==> 39.27,14.47,0.10
2016-03-30 오전 10:19:57 ==> 39.53,14.47,1.10
2016-03-30 오전 10:19:59 ==> 39.78,14.53,-0.90
2016-03-30 오전 10:20:00 ==> 39.94,14.53,1.10
2016-03-30 오전 10:20:02 ==> 40.08,14.53,0.10
2016-03-30 오전 10:20:03 ==> 40.23,14.53,0.20
2016-03-30 오전 10:20:04 ==> 40.30,14.65,0.20
2016-03-30 오전 10:20:05 ==> 40.31,14.65,-0.90
2016-03-30 오전 10:20:07 ==> 40.46,14.66,0.10
2016-03-30 오전 10:20:08 ==> 40.68,14.66,1.20
2016-03-30 오전 10:20:09 ==> 40.83,14.66,0.10
2016-03-30 오전 10:20:10 ==> 41.00,14.66,-0.90
2016-03-30 오전 10:20:11 ==> 41.21,14.62,1.10
2016-03-30 오전 10:20:13 ==> 41.37,14.62,0.10
2016-03-30 오전 10:20:14 ==> 41.57,14.62,-0.80
2016-03-30 오전 10:20:15 ==> 41.72,14.62,0.20
2016-03-30 오전 10:20:16 ==> 41.85,14.61,1.20
2016-03-30 오전 10:20:18 ==> 41.91,14.61,-0.90
2016-03-30 오전 10:20:19 ==> 41.97,14.61,0.10
2016-03-30 오전 10:20:21 ==> 42.00,14.61,0.20
2016-03-30 오전 10:20:23 ==> 42.10,14.66,-0.90
2016-03-30 오전 10:20:24 ==> 42.18,14.66,1.10
2016-03-30 오전 10:20:25 ==> 42.05,14.31,0.10
2016-03-30 오전 10:20:27 ==> 41.89,14.31,0.10
2016-03-30 오전 10:20:28 ==> 41.27,13.50,0.10
2016-03-30 오전 10:20:29 ==> 40.91,13.50,0.10
2016-03-30 오전 10:20:30 ==> 40.61,12.76,0.10
2016-03-30 오전 10:20:31 ==> 40.34,12.76,1.10
2016-03-30 오전 10:20:33 ==> 40.13,12.26,-0.90
2016-03-30 오전 10:20:34 ==> 40.00,12.26,0.10
2016-03-30 오전 10:20:35 ==> 39.94,11.94,1.10
2016-03-30 오전 10:20:36 ==> 39.81,11.94,0.10
2016-03-30 오전 10:20:37 ==> 39.66,11.73,0.10
2016-03-30 오전 10:20:38 ==> 39.57,11.73,0.10
2016-03-30 오전 10:20:39 ==> 39.51,11.71,1.10
2016-03-30 오전 10:20:40 ==> 39.51,11.71,-0.90
2016-03-30 오전 10:20:42 ==> 39.46,11.56,0.10
2016-03-30 오전 10:20:43 ==> 39.38,11.56,0.10
2016-03-30 오전 10:20:44 ==> 39.41,11.46,0.10
2016-03-30 오전 10:20:45 ==> 39.43,11.46,1.10
2016-03-30 오전 10:20:46 ==> 39.42,11.46,0.10
2016-03-30 오전 10:20:47 ==> 39.42,11.46,-0.90
2016-03-30 오전 10:20:49 ==> 39.42,11.46,0.10
2016-03-30 오전 10:20:50 ==> 39.48,11.46,0.10
2016-03-30 오전 10:20:51 ==> 39.50,11.42,1.10
2016-03-30 오전 10:20:52 ==> 39.49,11.42,0.10
2016-03-30 오전 10:20:53 ==> 39.49,11.36,0.10
2016-03-30 오전 10:20:55 ==> 39.49,11.36,0.20
2016-03-30 오전 10:20:56 ==> 39.49,11.37,1.10
2016-03-30 오전 10:20:58 ==> 39.49,11.37,-0.90
2016-03-30 오전 10:20:59 ==> 39.49,11.37,0.10
2016-03-30 오전 10:21:00 ==> 39.49,11.37,0.10
2016-03-30 오전 10:21:02 ==> 39.49,11.37,-0.90
2016-03-30 오전 10:21:03 ==> 39.49,11.37,1.10
2016-03-30 오전 10:21:05 ==> 39.49,11.37,0.10
2016-03-30 오전 10:21:05 ==> 39.49,11.37,0.10
2016-03-30 오전 10:21:07 ==> 39.49,11.37,0.10
2016-03-30 오전 10:21:08 ==> 39.49,11.37,0.10
2016-03-30 오전 10:21:09 ==> 39.49,11.37,0.10
2016-03-30 오전 10:21:10 ==> 39.46,11.37,1.10
2016-03-30 오전 10:21:11 ==> 39.32,11.38,0.10
2016-03-30 오전 10:21:12 ==> 39.11,11.38,-1.00
2016-03-30 오전 10:21:13 ==> 38.68,11.45,0.00
2016-03-30 오전 10:21:15 ==> 38.31,11.45,1.10
2016-03-30 오전 10:21:16 ==> 37.72,11.61,-1.00
2016-03-30 오전 10:21:17 ==> 37.23,11.61,0.10
2016-03-30 오전 10:21:18 ==> 36.55,11.69,0.00
2016-03-30 오전 10:21:20 ==> 35.63,11.69,0.00
2016-03-30 오전 10:21:22 ==> 34.59,11.74,1.00
2016-03-30 오전 10:21:23 ==> 32.87,11.74,-1.00
2016-03-30 오전 10:21:24 ==> 31.92,11.74,0.00
2016-03-30 오전 10:21:26 ==> 31.14,11.74,0.00
2016-03-30 오전 10:21:27 ==> 30.04,11.82,0.00
2016-03-30 오전 10:21:28 ==> 29.41,11.82,0.00
2016-03-30 오전 10:21:29 ==> 28.62,11.82,1.10
2016-03-30 오전 10:21:30 ==> 27.52,11.82,0.00
2016-03-30 오전 10:21:32 ==> 26.74,11.82,0.00
2016-03-30 오전 10:21:33 ==> 25.33,11.82,0.00
2016-03-30 오전 10:21:34 ==> 24.54,11.82,0.00
2016-03-30 오전 10:21:35 ==> 23.75,11.82,0.00
2016-03-30 오전 10:21:36 ==> 22.81,11.88,0.00
2016-03-30 오전 10:21:38 ==> 22.03,11.88,0.00
2016-03-30 오전 10:21:39 ==> 20.94,11.97,0.00
2016-03-30 오전 10:21:40 ==> 20.20,11.97,-1.00
2016-03-30 오전 10:21:41 ==> 19.48,11.98,0.00
2016-03-30 오전 10:21:42 ==> 18.79,11.98,0.00
2016-03-30 오전 10:21:43 ==> 17.99,12.03,0.00
2016-03-30 오전 10:21:44 ==> 17.46,12.03,0.00
2016-03-30 오전 10:21:45 ==> 16.81,12.38,0.00
2016-03-30 오전 10:21:46 ==> 16.18,12.38,0.00
2016-03-30 오전 10:21:47 ==> 15.33,12.83,0.00
2016-03-30 오전 10:21:49 ==> 14.76,12.83,0.10
2016-03-30 오전 10:21:50 ==> 14.03,12.89,0.00
2016-03-30 오전 10:21:51 ==> 13.62,12.89,0.00
2016-03-30 오전 10:21:52 ==> 13.18,12.88,1.00
2016-03-30 오전 10:21:54 ==> 12.92,12.88,0.00
2016-03-30 오전 10:21:55 ==> 12.75,13.01,2.70
2016-03-30 오전 10:21:56 ==> 12.67,13.01,0.10
2016-03-30 오전 10:21:58 ==> 12.65,13.03,0.10
2016-03-30 오전 10:21:59 ==> 12.59,13.03,0.10
2016-03-30 오전 10:22:00 ==> 12.52,12.96,-0.90
2016-03-30 오전 10:22:01 ==> 12.50,12.96,0.10
2016-03-30 오전 10:22:03 ==> 12.44,12.87,1.10
2016-03-30 오전 10:22:04 ==> 12.41,12.87,-1.00
2016-03-30 오전 10:22:05 ==> 12.41,12.76,0.00
2016-03-30 오전 10:22:06 ==> 12.41,12.76,1.10
2016-03-30 오전 10:22:07 ==> 12.42,12.75,-0.90
2016-03-30 오전 10:22:08 ==> 12.41,12.75,0.10
2016-03-30 오전 10:22:11 ==> 12.41,12.76,1.10
2016-03-30 오전 10:22:13 ==> 12.37,12.76,-0.90
2016-03-30 오전 10:22:14 ==> 12.37,12.76,1.50
2016-03-30 오전 10:22:16 ==> 12.37,12.76,0.10
2016-03-30 오전 10:22:17 ==> 12.33,12.76,0.10
2016-03-30 오전 10:22:19 ==> 12.34,12.76,1.10
2016-03-30 오전 10:22:20 ==> 12.30,12.76,-0.90
2016-03-30 오전 10:22:22 ==> 12.30,12.76,0.10
2016-03-30 오전 10:22:23 ==> 12.30,12.76,1.10
2016-03-30 오전 10:22:24 ==> 12.26,12.76,-0.90
2016-03-30 오전 10:22:26 ==> 12.26,12.76,1.10
2016-03-30 오전 10:22:27 ==> 12.22,12.76,0.10
2016-03-30 오전 10:22:28 ==> 12.22,12.76,-0.90
2016-03-30 오전 10:22:29 ==> 12.22,12.76,1.10
2016-03-30 오전 10:22:30 ==> 12.23,12.76,1.10
2016-03-30 오전 10:22:31 ==> 12.22,12.76,-0.90
2016-03-30 오전 10:22:33 ==> 12.19,12.76,-0.90
2016-03-30 오전 10:22:34 ==> 12.19,12.76,0.00
2016-03-30 오전 10:22:35 ==> 12.19,12.76,1.10
2016-03-30 오전 10:22:36 ==> 12.19,12.76,-0.90
2016-03-30 오전 10:22:37 ==> 12.19,12.76,0.10
2016-03-30 오전 10:22:38 ==> 12.19,12.76,1.20
2016-03-30 오전 10:22:40 ==> 12.19,12.76,1.40
2016-03-30 오전 10:22:41 ==> 12.19,12.76,1.00
2016-03-30 오전 10:22:42 ==> 12.19,12.76,3.60
2016-03-30 오전 10:22:43 ==> 12.19,12.76,19.70
2016-03-30 오전 10:22:44 ==> 12.19,12.76,2.80
2016-03-30 오전 10:22:45 ==> 12.19,12.76,13.90
2016-03-30 오전 10:22:47 ==> 12.19,12.76,3.80
2016-03-30 오전 10:22:48 ==> 12.23,12.76,3.80
2016-03-30 오전 10:22:49 ==> 12.32,12.76,2.80
2016-03-30 오전 10:22:50 ==> 12.45,12.76,3.80
2016-03-30 오전 10:22:51 ==> 12.58,12.75,3.80
2016-03-30 오전 10:22:52 ==> 12.64,12.75,2.80
2016-03-30 오전 10:22:54 ==> 12.64,12.76,3.80
2016-03-30 오전 10:22:55 ==> 12.66,12.76,2.90
2016-03-30 오전 10:22:57 ==> 12.77,12.76,3.80
2016-03-30 오전 10:22:58 ==> 13.04,12.76,3.80
2016-03-30 오전 10:22:59 ==> 13.09,12.76,2.80
2016-03-30 오전 10:23:00 ==> 13.18,12.76,3.70
2016-03-30 오전 10:23:03 ==> 13.34,12.76,4.70
2016-03-30 오전 10:23:04 ==> 13.60,12.76,3.70
2016-03-30 오전 10:23:05 ==> 13.68,12.76,2.70
2016-03-30 오전 10:23:06 ==> 13.83,12.76,3.70
2016-03-30 오전 10:23:07 ==> 13.95,12.76,4.60
2016-03-30 오전 10:23:08 ==> 14.03,12.76,3.60
2016-03-30 오전 10:23:09 ==> 14.06,12.75,3.60
2016-03-30 오전 10:23:10 ==> 14.07,12.75,3.70
2016-03-30 오전 10:23:11 ==> 14.22,12.76,3.70
2016-03-30 오전 10:23:12 ==> 14.41,12.76,3.60
2016-03-30 오전 10:23:13 ==> 14.58,12.75,4.60
2016-03-30 오전 10:23:14 ==> 14.75,12.75,3.50
2016-03-30 오전 10:23:16 ==> 14.99,12.75,3.60
2016-03-30 오전 10:23:17 ==> 15.32,12.75,4.80
2016-03-30 오전 10:23:18 ==> 15.61,12.75,4.60
2016-03-30 오전 10:23:19 ==> 15.80,12.75,6.60
2016-03-30 오전 10:23:20 ==> 15.85,12.76,7.40
2016-03-30 오전 10:23:22 ==> 15.87,12.76,6.10
2016-03-30 오전 10:23:23 ==> 15.80,12.82,7.00
2016-03-30 오전 10:23:24 ==> 15.73,12.82,8.00
2016-03-30 오전 10:23:26 ==> 15.61,12.81,7.00
2016-03-30 오전 10:23:27 ==> 15.28,12.81,6.00
2016-03-30 오전 10:23:29 ==> 14.88,12.81,7.00
2016-03-30 오전 10:23:30 ==> 14.42,12.81,7.00
2016-03-30 오전 10:23:31 ==> 14.07,12.81,8.00
2016-03-30 오전 10:23:33 ==> 13.71,12.81,7.10
2016-03-30 오전 10:23:34 ==> 13.44,12.81,7.00
2016-03-30 오전 10:23:36 ==> 13.16,12.81,7.00
2016-03-30 오전 10:23:38 ==> 12.88,12.72,7.00
2016-03-30 오전 10:23:39 ==> 12.74,12.72,7.90
2016-03-30 오전 10:23:40 ==> 12.64,11.99,7.00
2016-03-30 오전 10:23:42 ==> 12.59,11.99,6.00
2016-03-30 오전 10:23:43 ==> 12.57,10.95,8.10
2016-03-30 오전 10:23:45 ==> 12.55,10.95,7.00
2016-03-30 오전 10:23:46 ==> 12.55,9.90,8.00
2016-03-30 오전 10:23:47 ==> 12.56,9.90,8.00
2016-03-30 오전 10:23:48 ==> 12.56,9.22,6.10
2016-03-30 오전 10:23:49 ==> 12.56,9.22,7.10
2016-03-30 오전 10:23:50 ==> 12.56,8.41,8.00
2016-03-30 오전 10:23:51 ==> 12.56,8.41,8.10
2016-03-30 오전 10:23:53 ==> 12.55,7.91,6.10
2016-03-30 오전 10:23:54 ==> 12.56,7.91,8.10
2016-03-30 오전 10:23:55 ==> 12.56,7.59,8.10
2016-03-30 오전 10:23:56 ==> 12.55,7.59,6.10
2016-03-30 오전 10:23:57 ==> 12.56,7.59,6.10
2016-03-30 오전 10:23:58 ==> 12.56,7.59,8.10
2016-03-30 오전 10:24:00 ==> 12.56,7.59,7.10
2016-03-30 오전 10:24:01 ==> 12.56,7.59,7.10
2016-03-30 오전 10:24:02 ==> 12.56,7.56,8.10
2016-03-30 오전 10:24:03 ==> 12.53,7.56,7.20
2016-03-30 오전 10:24:05 ==> 12.51,7.55,7.10
2016-03-30 오전 10:24:06 ==> 12.51,7.55,7.10
2016-03-30 오전 10:24:08 ==> 12.51,7.56,7.10
2016-03-30 오전 10:24:10 ==> 12.51,7.56,7.10
2016-03-30 오전 10:24:11 ==> 12.51,7.56,-8.10
2016-03-30 오전 10:24:12 ==> 12.49,7.56,7.20
2016-03-30 오전 10:24:14 ==> 12.50,7.56,7.10
2016-03-30 오전 10:24:15 ==> 12.50,7.56,34.70
2016-03-30 오전 10:24:16 ==> 12.50,7.52,7.10
2016-03-30 오전 10:24:17 ==> 12.48,7.52,7.20
2016-03-30 오전 10:24:19 ==> 12.47,7.40,7.20
2016-03-30 오전 10:24:20 ==> 12.48,7.40,7.30
2016-03-30 오전 10:24:21 ==> 12.49,7.41,7.20
2016-03-30 오전 10:24:22 ==> 12.53,7.41,7.10
2016-03-30 오전 10:24:23 ==> 12.54,7.40,8.10
2016-03-30 오전 10:24:24 ==> 12.54,7.40,6.10
2016-03-30 오전 10:24:26 ==> 12.54,7.41,7.20
2016-03-30 오전 10:24:28 ==> 12.54,7.41,8.20
2016-03-30 오전 10:24:29 ==> 12.54,7.41,7.20
2016-03-30 오전 10:24:30 ==> 12.54,7.41,7.20
2016-03-30 오전 10:24:31 ==> 12.54,7.41,7.20
2016-03-30 오전 10:24:33 ==> 12.55,7.41,7.20
2016-03-30 오전 10:24:34 ==> 12.58,7.40,10.20
2016-03-30 오전 10:24:35 ==> 12.58,7.40,7.20
2016-03-30 오전 10:24:36 ==> 12.58,7.41,7.20
2016-03-30 오전 10:24:37 ==> 12.58,7.41,7.20
2016-03-30 오전 10:24:38 ==> 12.58,7.52,8.20
2016-03-30 오전 10:24:39 ==> 12.58,7.52,8.20
2016-03-30 오전 10:24:40 ==> 12.58,7.52,7.20
2016-03-30 오전 10:24:42 ==> 12.58,7.52,8.20
2016-03-30 오전 10:24:42 ==> 12.58,7.52,7.20
2016-03-30 오전 10:24:44 ==> 12.58,7.52,7.20
2016-03-30 오전 10:24:45 ==> 12.58,7.57,7.30
2016-03-30 오전 10:24:46 ==> 12.58,7.57,7.20
2016-03-30 오전 10:24:47 ==> 12.58,7.61,7.20
2016-03-30 오전 10:24:48 ==> 12.58,7.61,7.10
2016-03-30 오전 10:24:50 ==> 12.58,7.66,7.10
2016-03-30 오전 10:24:51 ==> 12.58,7.66,7.00
2016-03-30 오전 10:24:53 ==> 12.58,7.71,7.50
2016-03-30 오전 10:24:54 ==> 12.58,7.71,7.20
2016-03-30 오전 10:24:55 ==> 12.58,7.71,5.00
2016-03-30 오전 10:24:56 ==> 12.58,7.71,0.50
2016-03-30 오전 10:24:57 ==> 12.58,7.71,0.50
2016-03-30 오전 10:24:58 ==> 12.58,7.71,0.30
2016-03-30 오전 10:24:59 ==> 12.58,7.92,0.30
2016-03-30 오전 10:25:00 ==> 12.58,7.92,0.30
2016-03-30 오전 10:25:01 ==> 12.58,8.08,0.30
2016-03-30 오전 10:25:02 ==> 12.58,8.08,0.30
2016-03-30 오전 10:25:04 ==> 12.58,8.28,0.30
2016-03-30 오전 10:25:05 ==> 12.58,8.28,0.30
2016-03-30 오전 10:25:06 ==> 12.58,8.68,0.30
2016-03-30 오전 10:25:07 ==> 12.58,8.68,0.30
2016-03-30 오전 10:25:08 ==> 12.58,8.74,0.30
2016-03-30 오전 10:25:09 ==> 12.58,8.74,0.30
2016-03-30 오전 10:25:10 ==> 12.58,8.92,0.30
2016-03-30 오전 10:25:12 ==> 12.58,8.92,0.30
2016-03-30 오전 10:25:13 ==> 12.58,8.93,0.30
2016-03-30 오전 10:25:14 ==> 12.58,8.93,0.30
2016-03-30 오전 10:25:15 ==> 12.58,9.11,0.30
2016-03-30 오전 10:25:16 ==> 12.58,9.11,0.30
2016-03-30 오전 10:25:17 ==> 12.58,9.31,0.30
2016-03-30 오전 10:25:18 ==> 12.58,9.31,0.30
2016-03-30 오전 10:25:19 ==> 12.58,9.46,0.30
2016-03-30 오전 10:25:20 ==> 12.58,9.46,0.20
2016-03-30 오전 10:25:21 ==> 12.58,9.39,0.30
2016-03-30 오전 10:25:23 ==> 12.58,9.39,0.30
2016-03-30 오전 10:25:24 ==> 12.58,8.90,0.20
2016-03-30 오전 10:25:25 ==> 12.58,8.90,0.20
2016-03-30 오전 10:25:26 ==> 12.58,8.56,0.20
2016-03-30 오전 10:25:27 ==> 12.58,8.56,0.20
2016-03-30 오전 10:25:28 ==> 12.58,8.37,0.20
2016-03-30 오전 10:25:29 ==> 12.58,8.37,0.20
2016-03-30 오전 10:25:30 ==> 12.58,8.37,0.20
2016-03-30 오전 10:25:31 ==> 12.58,8.37,0.20
2016-03-30 오전 10:25:32 ==> 12.58,8.37,0.20
2016-03-30 오전 10:25:34 ==> 12.58,8.37,0.20
2016-03-30 오전 10:25:35 ==> 12.58,8.37,0.20
2016-03-30 오전 10:25:36 ==> 12.58,8.37,0.20
2016-03-30 오전 10:25:37 ==> 12.58,8.45,0.20
2016-03-30 오전 10:25:40 ==> 12.58,8.45,0.20
2016-03-30 오전 10:25:41 ==> 12.58,9.25,0.20
2016-03-30 오전 10:25:42 ==> 12.58,9.25,0.20
2016-03-30 오전 10:25:44 ==> 12.58,9.85,0.20
2016-03-30 오전 10:25:45 ==> 12.57,9.85,0.20
2016-03-30 오전 10:25:46 ==> 12.49,10.33,1.20
2016-03-30 오전 10:25:47 ==> 12.37,10.33,0.20
2016-03-30 오전 10:25:48 ==> 12.00,10.43,0.10
2016-03-30 오전 10:25:50 ==> 11.73,10.43,1.20
2016-03-30 오전 10:25:51 ==> 11.42,10.42,0.20
2016-03-30 오전 10:25:52 ==> 11.09,10.42,-0.80
2016-03-30 오전 10:25:54 ==> 10.50,10.42,1.10
2016-03-30 오전 10:25:56 ==> 9.94,10.42,0.10
2016-03-30 오전 10:25:57 ==> 9.07,10.42,0.10
2016-03-30 오전 10:25:59 ==> 8.64,10.42,0.10
2016-03-30 오전 10:26:00 ==> 7.74,10.42,0.20
2016-03-30 오전 10:26:01 ==> 7.15,10.42,0.10
2016-03-30 오전 10:26:02 ==> 6.73,10.42,1.10
2016-03-30 오전 10:26:03 ==> 6.31,10.42,0.10
2016-03-30 오전 10:26:05 ==> 5.86,10.42,0.10
2016-03-30 오전 10:26:06 ==> 5.32,10.42,1.10
2016-03-30 오전 10:26:07 ==> 4.92,10.42,0.10
2016-03-30 오전 10:26:09 ==> 4.39,10.42,0.10
2016-03-30 오전 10:26:10 ==> 3.89,10.42,1.10
2016-03-30 오전 10:26:11 ==> 3.58,10.42,0.10
2016-03-30 오전 10:26:12 ==> 3.31,10.41,-0.90
2016-03-30 오전 10:26:13 ==> 3.08,10.41,1.10
2016-03-30 오전 10:26:15 ==> 2.87,10.35,1.10
2016-03-30 오전 10:26:16 ==> 2.73,10.35,0.00
2016-03-30 오전 10:26:18 ==> 2.63,10.35,1.00
2016-03-30 오전 10:26:19 ==> 2.62,10.35,0.00
2016-03-30 오전 10:26:20 ==> 2.62,10.35,0.00
2016-03-30 오전 10:26:21 ==> 2.62,10.35,1.00
2016-03-30 오전 10:26:22 ==> 2.62,10.35,0.00
2016-03-30 오전 10:26:23 ==> 2.62,10.35,0.00
2016-03-30 오전 10:26:25 ==> 2.62,10.35,1.00
2016-03-30 오전 10:26:26 ==> 2.62,10.35,0.00
2016-03-30 오전 10:26:27 ==> 2.62,10.35,0.00
2016-03-30 오전 10:26:29 ==> 2.62,10.35,1.00
2016-03-30 오전 10:26:29 ==> 2.62,10.35,0.00
2016-03-30 오전 10:26:31 ==> 2.62,10.35,0.00
2016-03-30 오전 10:26:32 ==> 2.62,10.35,1.00
2016-03-30 오전 10:26:33 ==> 2.62,10.35,0.00
2016-03-30 오전 10:26:34 ==> 2.62,10.35,0.00
2016-03-30 오전 10:26:36 ==> 2.62,10.35,1.00
2016-03-30 오전 10:26:37 ==> 2.62,10.35,0.00
2016-03-30 오전 10:26:38 ==> 2.62,10.35,0.00
2016-03-30 오전 10:26:39 ==> 2.62,10.35,0.00
2016-03-30 오전 10:26:40 ==> 2.62,10.35,0.00
2016-03-30 오전 10:26:41 ==> 2.62,10.35,0.00
2016-03-30 오전 10:26:42 ==> 2.62,10.35,0.00
2016-03-30 오전 10:26:43 ==> 2.62,10.35,0.00
2016-03-30 오전 10:26:45 ==> 2.62,10.35,0.00
2016-03-30 오전 10:26:45 ==> 2.62,10.35,0.00
2016-03-30 오전 10:26:47 ==> 2.62,10.35,0.00
2016-03-30 오전 10:26:48 ==> 2.62,10.35,0.00
2016-03-30 오전 10:26:49 ==> 2.62,10.35,0.00
2016-03-30 오전 10:26:51 ==> 2.62,10.35,0.00
2016-03-30 오전 10:26:52 ==> 2.62,10.35,0.00
2016-03-30 오전 10:26:53 ==> 2.62,10.35,0.00
2016-03-30 오전 10:26:55 ==> 2.62,10.35,0.00
2016-03-30 오전 10:26:56 ==> 2.62,10.35,0.00
2016-03-30 오전 10:26:57 ==> 2.62,10.35,0.00
2016-03-30 오전 10:26:58 ==> 2.62,10.35,0.00
2016-03-30 오전 10:26:59 ==> 2.62,10.35,0.00
2016-03-30 오전 10:27:00 ==> 2.62,10.35,0.00
2016-03-30 오전 10:27:01 ==> 2.62,10.35,0.00
2016-03-30 오전 10:27:02 ==> 2.62,10.35,0.00
2016-03-30 오전 10:27:03 ==> 2.62,10.35,0.00
2016-03-30 오전 10:27:04 ==> 2.62,10.35,0.00
2016-03-30 오전 10:27:06 ==> 2.62,10.35,0.00
2016-03-30 오전 10:27:07 ==> 2.62,10.35,0.00
2016-03-30 오전 10:27:08 ==> 2.62,10.35,0.00
2016-03-30 오전 10:27:09 ==> 2.62,10.35,0.00
2016-03-30 오전 10:27:11 ==> 2.62,10.35,0.00
2016-03-30 오전 10:27:12 ==> 2.62,10.35,0.00
2016-03-30 오전 10:27:14 ==> 2.62,10.35,0.00
2016-03-30 오전 10:27:15 ==> 2.62,10.35,0.00
2016-03-30 오전 10:27:17 ==> 2.62,10.35,0.00
2016-03-30 오전 10:27:18 ==> 2.62,10.35,0.00
2016-03-30 오전 10:27:19 ==> 2.62,10.35,0.00
2016-03-30 오전 10:27:20 ==> 2.62,10.35,0.00
2016-03-30 오전 10:27:22 ==> 2.62,10.35,0.00
2016-03-30 오전 10:27:23 ==> 2.62,10.35,0.00
2016-03-30 오전 10:27:24 ==> 2.62,10.35,0.00
2016-03-30 오전 10:27:25 ==> 2.62,10.35,0.00
2016-03-30 오전 10:27:28 ==> 2.62,10.35,0.00
2016-03-30 오전 10:27:29 ==> 2.62,10.35,0.00
2016-03-30 오전 10:27:31 ==> 2.62,10.35,0.00
2016-03-30 오전 10:27:32 ==> 2.62,10.35,0.00
2016-03-30 오전 10:27:33 ==> 2.62,10.35,0.00
2016-03-30 오전 10:27:34 ==> 2.62,10.35,0.00
2016-03-30 오전 10:27:35 ==> 2.62,10.35,0.00
2016-03-30 오전 10:27:36 ==> 2.62,10.35,0.00
2016-03-30 오전 10:27:37 ==> 2.62,10.35,0.00
2016-03-30 오전 10:27:38 ==> 2.62,10.35,0.00
2016-03-30 오전 10:27:40 ==> 2.62,10.35,0.00
2016-03-30 오전 10:27:42 ==> 2.62,10.35,0.00
2016-03-30 오전 10:27:43 ==> 2.62,10.35,0.00
2016-03-30 오전 10:27:44 ==> 2.62,10.35,0.00
2016-03-30 오전 10:27:45 ==> 2.62,10.35,0.00
2016-03-30 오전 10:27:46 ==> 2.62,10.35,0.00
2016-03-30 오전 10:27:48 ==> 2.62,10.35,0.00
2016-03-30 오전 10:27:49 ==> 2.62,10.35,0.00
2016-03-30 오전 10:27:51 ==> 2.62,10.35,0.00
2016-03-30 오전 10:27:52 ==> 2.62,10.35,0.00
2016-03-30 오전 10:27:53 ==> 2.62,10.35,0.00
2016-03-30 오전 10:27:54 ==> 2.62,10.35,0.00
2016-03-30 오전 10:27:55 ==> 2.62,10.35,0.00
2016-03-30 오전 10:27:56 ==> 2.62,10.35,0.00
2016-03-30 오전 10:27:58 ==> 2.62,10.35,0.00
2016-03-30 오전 10:27:59 ==> 2.62,10.35,0.00
2016-03-30 오전 10:28:00 ==> 2.62,10.35,0.00
2016-03-30 오전 10:28:01 ==> 2.62,10.35,0.00
2016-03-30 오전 10:28:03 ==> 2.62,10.35,0.00
2016-03-30 오전 10:28:04 ==> 2.62,10.35,0.00
2016-03-30 오전 10:28:05 ==> 2.62,10.35,0.00
2016-03-30 오전 10:28:06 ==> 2.62,10.35,0.00
2016-03-30 오전 10:28:07 ==> 2.62,10.35,0.00
2016-03-30 오전 10:28:08 ==> 2.62,10.35,0.00
2016-03-30 오전 10:28:10 ==> 2.62,10.35,0.00
2016-03-30 오전 10:28:12 ==> 2.62,10.35,0.00
2016-03-30 오전 10:28:13 ==> 2.62,10.35,0.00
2016-03-30 오전 10:28:14 ==> 2.62,10.35,0.00
2016-03-30 오전 10:28:16 ==> 2.62,10.35,0.00
2016-03-30 오전 10:28:17 ==> 2.62,10.35,0.00
2016-03-30 오전 10:28:18 ==> 2.62,10.35,0.00
2016-03-30 오전 10:28:19 ==> 2.62,10.35,0.00
2016-03-30 오전 10:28:20 ==> 2.62,10.35,0.00
2016-03-30 오전 10:28:21 ==> 2.62,10.35,0.00
2016-03-30 오전 10:28:23 ==> 2.62,10.35,0.00
2016-03-30 오전 10:28:24 ==> 2.62,10.35,0.00
2016-03-30 오전 10:28:25 ==> 2.62,10.35,0.00
2016-03-30 오전 10:28:26 ==> 2.62,10.35,0.00
